Time;Symbol;CurrentPrice;M15MA7;M15MA13;M15MA26;M15MA52;M15MA104;M15MA208;M15BOLL132U;M15BOLL132L;M15KDJ853M;M15KDJ853S;M15RSI14;M15MA180;M15MA360;M15MA540;H1MA7;H1MA13;H1MA26;H1MA52;H1MA104;H1MA208;H1BOLL132U;H1BOLL132L;H1KDJ853M;H1KDJ853S;H1RSI14;H1MA180;H1MA360;H1MA540;
2015.02.19 15:37:23;EURUSD;1.13825;1.13758;1.13852;1.14018;1.14085;1.1392;1.13973;1.14122;1.13503;63;45;42;1.13959;1.13905;1.13859;1.13986;1.14069;1.13907;1.13975;1.13929;1.1362;1.14521;1.13623;25;24;46;1.13679;1.13679;1.13754;
2015.02.19 15:37:53;EURUSD;1.13835;1.1376;1.13853;1.14018;1.14086;1.1392;1.13973;1.14122;1.13503;63;45;43;1.13959;1.13905;1.13859;1.13984;1.14067;1.13906;1.13974;1.13929;1.1362;1.14521;1.13623;25;23;45;1.13679;1.13679;1.13754;
2015.02.19 15:38:23;EURUSD;1.13829;1.13759;1.13852;1.14018;1.14085;1.1392;1.13973;1.14122;1.13503;63;45;42;1.13959;1.13905;1.13859;1.13983;1.14067;1.13906;1.13974;1.13929;1.1362;1.14521;1.13623;25;23;45;1.13679;1.13679;1.13754;
2015.02.19 15:38:53;EURUSD;1.13815;1.13757;1.13851;1.14018;1.14085;1.1392;1.13973;1.14122;1.13503;62;44;41;1.13958;1.13905;1.13859;1.13981;1.14066;1.13906;1.13974;1.13929;1.1362;1.14521;1.13623;24;23;44;1.13679;1.13679;1.13754;
2015.02.19 15:39:23;EURUSD;1.13825;1.13758;1.13852;1.14018;1.14085;1.1392;1.13973;1.14122;1.13503;63;45;42;1.13959;1.13905;1.13859;1.13982;1.14066;1.13906;1.13974;1.13929;1.1362;1.14521;1.13623;24;23;44;1.13679;1.13679;1.13754;
2015.02.19 15:39:53;EURUSD;1.13819;1.13758;1.13851;1.14018;1.14085;1.1392;1.13973;1.14122;1.13503;62;44;42;1.13958;1.13905;1.13859;1.13982;1.14066;1.13906;1.13974;1.13929;1.1362;1.14521;1.13623;24;23;44;1.13679;1.13679;1.13754;
2015.02.19 15:40:23;EURUSD;1.13805;1.13755;1.1385;1.14017;1.14085;1.1392;1.13973;1.14122;1.13503;61;44;41;1.13958;1.13905;1.13859;1.13979;1.14065;1.13905;1.13974;1.13929;1.1362;1.14521;1.13623;24;23;44;1.13679;1.13679;1.13754;
2015.02.19 15:40:53;EURUSD;1.13804;1.13755;1.1385;1.14017;1.14085;1.1392;1.13973;1.14122;1.13503;61;44;41;1.13958;1.13905;1.13859;1.13979;1.14065;1.13905;1.13974;1.13929;1.1362;1.14521;1.13623;24;23;44;1.13679;1.13679;1.13754;
2015.02.19 15:41:23;EURUSD;1.13807;1.13756;1.1385;1.14017;1.14085;1.1392;1.13973;1.14122;1.13503;61;44;41;1.13958;1.13905;1.13859;1.1398;1.14065;1.13905;1.13974;1.13929;1.1362;1.14521;1.13623;24;23;44;1.13679;1.13679;1.13754;
2015.02.19 15:41:53;EURUSD;1.13825;1.13758;1.13852;1.14018;1.14085;1.1392;1.13973;1.14122;1.13503;63;45;42;1.13959;1.13905;1.13859;1.13982;1.14066;1.13906;1.13974;1.13929;1.1362;1.14521;1.13623;24;23;44;1.13679;1.13679;1.13754;
2015.02.19 15:42:23;EURUSD;1.13816;1.13757;1.13851;1.14018;1.14085;1.1392;1.13973;1.14122;1.13503;62;44;41;1.13958;1.13905;1.13859;1.13981;1.14066;1.13906;1.13974;1.13929;1.1362;1.14521;1.13623;24;23;44;1.13679;1.13679;1.13754;
2015.02.19 15:42:53;EURUSD;1.13814;1.13757;1.13851;1.14018;1.14085;1.1392;1.13973;1.14122;1.13503;62;44;41;1.13958;1.13905;1.13859;1.13981;1.14066;1.13906;1.13974;1.13929;1.1362;1.14521;1.13623;24;23;44;1.13679;1.13679;1.13754;
2015.02.19 15:43:23;EURUSD;1.13816;1.13757;1.13851;1.14018;1.14085;1.1392;1.13973;1.14122;1.13503;62;44;41;1.13958;1.13905;1.13859;1.13981;1.14066;1.13906;1.13974;1.13929;1.1362;1.14521;1.13623;24;23;44;1.13679;1.13679;1.13754;
2015.02.19 15:43:53;EURUSD;1.13792;1.13754;1.13849;1.14017;1.14085;1.1392;1.13973;1.14122;1.13503;60;44;40;1.13958;1.13905;1.13859;1.13978;1.14064;1.13905;1.13974;1.13929;1.1362;1.14521;1.13623;23;23;43;1.13679;1.13679;1.13754;
2015.02.19 15:44:23;EURUSD;1.13775;1.13751;1.13848;1.14016;1.14084;1.1392;1.13973;1.14122;1.13503;59;44;40;1.13958;1.13905;1.13859;1.13975;1.14063;1.13904;1.13973;1.13929;1.1362;1.14521;1.13623;22;23;43;1.13679;1.13679;1.13754;
2015.02.19 15:44:53;EURUSD;1.13735;1.13745;1.13845;1.14015;1.14084;1.13919;1.13972;1.14122;1.135;56;43;38;1.13958;1.13905;1.13859;1.13969;1.14059;1.13902;1.13972;1.13928;1.1362;1.14521;1.13618;21;23;41;1.13679;1.13679;1.13754;
2015.02.19 15:45:22;EURUSD;1.13701;1.13742;1.13818;1.13998;1.14077;1.13919;1.13972;1.14107;1.13491;45;48;37;1.13957;1.13904;1.1386;1.13965;1.14057;1.13901;1.13972;1.13928;1.1362;1.14521;1.13598;19;22;40;1.13678;1.13679;1.13754;
2015.02.19 15:45:53;EURUSD;1.13696;1.13741;1.13818;1.13998;1.14077;1.13919;1.13972;1.14107;1.13491;44;47;36;1.13957;1.13904;1.1386;1.13964;1.14056;1.13901;1.13972;1.13928;1.1362;1.14521;1.13598;19;22;40;1.13678;1.13679;1.13754;
2015.02.19 15:46:23;EURUSD;1.13715;1.13744;1.13819;1.13998;1.14077;1.13919;1.13972;1.14106;1.13491;46;48;37;1.13957;1.13904;1.1386;1.13967;1.14058;1.13902;1.13972;1.13928;1.1362;1.14521;1.13598;20;23;41;1.13678;1.13679;1.13754;
2015.02.19 15:46:53;EURUSD;1.13748;1.13749;1.13822;1.14;1.14078;1.1392;1.13972;1.14102;1.13491;48;48;39;1.13957;1.13905;1.1386;1.13971;1.14061;1.13903;1.13973;1.13928;1.1362;1.14521;1.13598;21;23;42;1.13679;1.13679;1.13754;
2015.02.19 15:47:23;EURUSD;1.13726;1.13746;1.1382;1.13999;1.14078;1.1392;1.13972;1.14102;1.13491;47;48;38;1.13957;1.13905;1.1386;1.13968;1.14059;1.13902;1.13972;1.13928;1.1362;1.14521;1.13598;20;23;41;1.13679;1.13679;1.13754;
2015.02.19 15:47:53;EURUSD;1.13726;1.13746;1.1382;1.13999;1.14078;1.1392;1.13972;1.14102;1.13491;47;48;38;1.13957;1.13905;1.1386;1.13968;1.14059;1.13902;1.13972;1.13928;1.1362;1.14521;1.13598;20;23;41;1.13679;1.13679;1.13754;
2015.02.19 15:48:23;EURUSD;1.13709;1.13743;1.13819;1.13998;1.14077;1.13919;1.13972;1.14102;1.13491;45;48;37;1.13957;1.13904;1.1386;1.13966;1.14058;1.13902;1.13972;1.13928;1.1362;1.14521;1.13598;20;23;41;1.13678;1.13679;1.13754;
2015.02.19 15:48:53;EURUSD;1.13701;1.13742;1.13818;1.13998;1.14077;1.13919;1.13972;1.14102;1.13491;45;48;37;1.13957;1.13904;1.1386;1.13965;1.14057;1.13901;1.13972;1.13928;1.1362;1.14521;1.13598;19;22;40;1.13678;1.13679;1.13754;
2015.02.19 15:49:23;EURUSD;1.13721;1.13745;1.1382;1.13999;1.14078;1.1392;1.13972;1.14102;1.13491;46;48;37;1.13957;1.13905;1.1386;1.13968;1.14058;1.13902;1.13972;1.13928;1.1362;1.14521;1.13598;20;23;41;1.13678;1.13679;1.13754;
2015.02.19 15:49:28;EURUSD;1.13724;1.13745;1.1382;1.13999;1.14078;1.1392;1.13972;1.14102;1.13491;47;48;37;1.13957;1.13905;1.1386;1.13968;1.14059;1.13902;1.13972;1.13928;1.1362;1.14521;1.13598;20;23;41;1.13678;1.13679;1.13754;
2015.02.19 15:50:18;EURUSD;1.13691;1.13741;1.13817;1.13998;1.14077;1.13919;1.13972;1.14102;1.13491;44;47;36;1.13957;1.13904;1.1386;1.13963;1.14056;1.13901;1.13972;1.13928;1.1362;1.14521;1.13598;19;22;40;1.13678;1.13679;1.13754;
2015.02.19 15:50:52;EURUSD;1.13704;1.13743;1.13818;1.13998;1.14077;1.13919;1.13972;1.14102;1.13491;45;48;37;1.13957;1.13904;1.1386;1.13965;1.14057;1.13901;1.13972;1.13928;1.1362;1.14521;1.13598;20;22;41;1.13678;1.13679;1.13754;
2015.02.19 15:51:23;EURUSD;1.13667;1.13737;1.13815;1.13997;1.14077;1.13919;1.13971;1.14102;1.1349;42;47;35;1.13956;1.13904;1.1386;1.1396;1.14054;1.139;1.13971;1.13928;1.13619;1.14521;1.13596;18;22;40;1.13678;1.13679;1.13754;
2015.02.19 15:51:53;EURUSD;1.13687;1.1374;1.13817;1.13997;1.14077;1.13919;1.13972;1.14102;1.13489;44;47;36;1.13957;1.13904;1.1386;1.13963;1.14056;1.13901;1.13971;1.13928;1.1362;1.14521;1.13596;19;22;40;1.13678;1.13679;1.13754;
2015.02.19 15:52:23;EURUSD;1.13716;1.13744;1.13819;1.13999;1.14078;1.13919;1.13972;1.14102;1.13489;46;48;37;1.13957;1.13904;1.1386;1.13967;1.14058;1.13902;1.13972;1.13928;1.1362;1.14521;1.13596;20;23;41;1.13678;1.13679;1.13754;
2015.02.19 15:52:53;EURUSD;1.13715;1.13744;1.13819;1.13998;1.14077;1.13919;1.13972;1.14102;1.13489;46;48;37;1.13957;1.13904;1.1386;1.13967;1.14058;1.13902;1.13972;1.13928;1.1362;1.14521;1.13596;20;23;41;1.13678;1.13679;1.13754;
2015.02.19 15:53:23;EURUSD;1.137;1.13742;1.13818;1.13998;1.14077;1.13919;1.13972;1.14102;1.13489;45;47;36;1.13957;1.13904;1.1386;1.13964;1.14057;1.13901;1.13972;1.13928;1.1362;1.14521;1.13596;19;22;40;1.13678;1.13679;1.13754;
2015.02.19 15:53:53;EURUSD;1.137;1.13742;1.13818;1.13998;1.14077;1.13919;1.13972;1.14102;1.13489;45;47;36;1.13957;1.13904;1.1386;1.13964;1.14057;1.13901;1.13972;1.13928;1.1362;1.14521;1.13596;19;22;40;1.13678;1.13679;1.13754;
2015.02.19 15:54:23;EURUSD;1.13694;1.13741;1.13818;1.13998;1.14077;1.13919;1.13972;1.14102;1.13489;44;47;36;1.13957;1.13904;1.1386;1.13964;1.14056;1.13901;1.13972;1.13928;1.1362;1.14521;1.13596;19;22;40;1.13678;1.13679;1.13754;
2015.02.19 15:54:53;EURUSD;1.13693;1.13741;1.13818;1.13998;1.14077;1.13919;1.13972;1.14102;1.13489;44;47;36;1.13957;1.13904;1.1386;1.13964;1.14056;1.13901;1.13972;1.13928;1.1362;1.14521;1.13596;19;22;40;1.13678;1.13679;1.13754;
2015.02.19 15:55:23;EURUSD;1.13667;1.13737;1.13816;1.13997;1.14077;1.13919;1.13971;1.14102;1.13489;42;47;35;1.13956;1.13904;1.1386;1.1396;1.14054;1.139;1.13971;1.13928;1.13619;1.14521;1.13596;18;22;40;1.13678;1.13679;1.13754;
2015.02.19 15:55:53;EURUSD;1.13681;1.13739;1.13817;1.13997;1.14077;1.13919;1.13972;1.14102;1.13489;43;47;36;1.13957;1.13904;1.1386;1.13962;1.14055;1.139;1.13971;1.13928;1.1362;1.14521;1.13596;19;22;40;1.13678;1.13679;1.13754;
2015.02.19 15:56:23;EURUSD;1.13687;1.1374;1.13817;1.13997;1.14077;1.13919;1.13972;1.14102;1.13489;44;47;36;1.13957;1.13904;1.1386;1.13963;1.14056;1.13901;1.13972;1.13928;1.1362;1.14521;1.13596;19;22;40;1.13678;1.13679;1.13754;
2015.02.19 15:56:53;EURUSD;1.13687;1.1374;1.13817;1.13997;1.14077;1.13919;1.13972;1.14102;1.13489;44;47;36;1.13957;1.13904;1.1386;1.13963;1.14056;1.13901;1.13971;1.13928;1.1362;1.14521;1.13596;19;22;40;1.13678;1.13679;1.13754;
2015.02.19 15:57:23;EURUSD;1.13692;1.13741;1.13817;1.13998;1.14077;1.13919;1.13972;1.14102;1.13489;44;47;36;1.13957;1.13904;1.1386;1.13963;1.14056;1.13901;1.13972;1.13928;1.1362;1.14521;1.13596;19;22;40;1.13678;1.13679;1.13754;
2015.02.19 15:57:53;EURUSD;1.13697;1.13742;1.13818;1.13998;1.14077;1.13919;1.13972;1.14102;1.13489;44;47;36;1.13957;1.13904;1.1386;1.13964;1.14057;1.13901;1.13972;1.13928;1.1362;1.14521;1.13596;19;22;40;1.13678;1.13679;1.13754;
2015.02.19 15:58:23;EURUSD;1.13697;1.13741;1.13818;1.13998;1.14077;1.13919;1.13972;1.14102;1.13489;44;47;36;1.13957;1.13904;1.1386;1.13964;1.14057;1.13901;1.13972;1.13928;1.1362;1.14521;1.13596;19;22;40;1.13678;1.13679;1.13754;
2015.02.19 15:58:53;EURUSD;1.13672;1.13738;1.13816;1.13997;1.14077;1.13919;1.13971;1.14102;1.13489;42;47;35;1.13956;1.13904;1.1386;1.1396;1.14055;1.139;1.13971;1.13928;1.13619;1.14521;1.13596;18;22;40;1.13678;1.13679;1.13754;
2015.02.19 15:59:23;EURUSD;1.13699;1.13742;1.13818;1.13998;1.14077;1.13919;1.13972;1.14102;1.13489;45;47;36;1.13957;1.13904;1.1386;1.13964;1.14057;1.13901;1.13972;1.13928;1.1362;1.14521;1.13596;19;22;40;1.13678;1.13679;1.13754;
2015.02.19 15:59:53;EURUSD;1.13687;1.1374;1.13817;1.13997;1.14077;1.13919;1.13972;1.14102;1.13489;44;47;36;1.13957;1.13904;1.1386;1.13962;1.14056;1.13901;1.13971;1.13928;1.1362;1.14521;1.13596;19;22;40;1.13678;1.13679;1.13754;
2015.02.19 16:00:23;EURUSD;1.13672;1.13743;1.13794;1.13979;1.1407;1.13919;1.13971;1.14086;1.13485;36;49;35;1.13955;1.13904;1.13861;1.13904;1.14019;1.13895;1.13964;1.13922;1.13622;1.14576;1.13535;18;19;40;1.1368;1.1368;1.1375;
2015.02.19 16:00:53;EURUSD;1.13687;1.13745;1.13795;1.13979;1.1407;1.13919;1.13971;1.14086;1.13485;37;49;36;1.13955;1.13904;1.13861;1.13906;1.1402;1.13895;1.13965;1.13922;1.13622;1.14576;1.13535;18;19;40;1.1368;1.1368;1.1375;
2015.02.19 16:01:23;EURUSD;1.13726;1.1375;1.13798;1.13981;1.14071;1.13919;1.13971;1.14081;1.13485;41;49;38;1.13955;1.13904;1.13861;1.13911;1.14023;1.13897;1.13965;1.13922;1.13623;1.14569;1.13535;19;20;42;1.1368;1.1368;1.1375;
2015.02.19 16:01:53;EURUSD;1.13716;1.13749;1.13798;1.1398;1.14071;1.13919;1.13971;1.14081;1.13485;40;49;38;1.13955;1.13904;1.13861;1.1391;1.14022;1.13896;1.13965;1.13922;1.13622;1.14569;1.13535;19;20;41;1.1368;1.1368;1.1375;
2015.02.19 16:02:23;EURUSD;1.13738;1.13752;1.13799;1.13981;1.14071;1.1392;1.13971;1.1408;1.13485;42;50;39;1.13955;1.13904;1.13861;1.13913;1.14024;1.13897;1.13966;1.13923;1.13623;1.14566;1.13535;20;20;42;1.1368;1.1368;1.1375;
2015.02.19 16:02:53;EURUSD;1.13731;1.13751;1.13799;1.13981;1.14071;1.1392;1.13971;1.14077;1.13485;41;50;39;1.13955;1.13904;1.13861;1.13912;1.14023;1.13897;1.13965;1.13923;1.13623;1.14562;1.13535;20;20;42;1.1368;1.1368;1.1375;
2015.02.19 16:03:23;EURUSD;1.13727;1.13751;1.13799;1.13981;1.14071;1.1392;1.13971;1.14077;1.13485;41;49;38;1.13955;1.13904;1.13861;1.13912;1.14023;1.13897;1.13965;1.13922;1.13623;1.14562;1.13535;20;20;42;1.1368;1.1368;1.1375;
2015.02.19 16:03:53;EURUSD;1.13715;1.13749;1.13798;1.1398;1.14071;1.13919;1.13971;1.14077;1.13485;40;49;38;1.13955;1.13904;1.13861;1.1391;1.14022;1.13896;1.13965;1.13922;1.13622;1.14562;1.13535;19;20;41;1.1368;1.1368;1.1375;
2015.02.19 16:04:23;EURUSD;1.1372;1.1375;1.13798;1.1398;1.14071;1.13919;1.13971;1.14077;1.13485;40;49;38;1.13955;1.13904;1.13861;1.13911;1.14023;1.13896;1.13965;1.13922;1.13623;1.14562;1.13535;19;20;41;1.1368;1.1368;1.1375;
2015.02.19 16:04:54;EURUSD;1.13728;1.13751;1.13799;1.13981;1.14071;1.1392;1.13971;1.14077;1.13485;41;49;38;1.13955;1.13904;1.13861;1.13911;1.14023;1.13897;1.13965;1.13922;1.13623;1.14562;1.13535;19;20;42;1.1368;1.1368;1.1375;
2015.02.19 16:05:24;EURUSD;1.13727;1.13751;1.13799;1.13981;1.14071;1.1392;1.13971;1.14077;1.13485;41;50;38;1.13955;1.13904;1.13861;1.13912;1.14023;1.13897;1.13965;1.13923;1.13623;1.14562;1.13535;20;20;42;1.1368;1.1368;1.1375;
2015.02.19 16:05:54;EURUSD;1.13731;1.13751;1.13799;1.13981;1.14071;1.1392;1.13971;1.14077;1.13485;41;50;39;1.13955;1.13904;1.13861;1.13912;1.14023;1.13897;1.13965;1.13923;1.13623;1.14562;1.13535;20;20;42;1.1368;1.1368;1.1375;
2015.02.19 16:06:23;EURUSD;1.13734;1.13752;1.13799;1.13981;1.14071;1.1392;1.13971;1.14077;1.13485;41;50;39;1.13955;1.13904;1.13861;1.13913;1.14024;1.13897;1.13966;1.13923;1.13623;1.14562;1.13535;20;20;42;1.1368;1.1368;1.1375;
2015.02.19 16:06:53;EURUSD;1.13735;1.13752;1.13799;1.13981;1.14071;1.1392;1.13971;1.14077;1.13485;41;50;39;1.13955;1.13904;1.13861;1.13913;1.14024;1.13897;1.13965;1.13923;1.13623;1.14562;1.13535;20;20;42;1.1368;1.1368;1.1375;
2015.02.19 16:07:23;EURUSD;1.13732;1.13751;1.13799;1.13981;1.14071;1.1392;1.13971;1.14077;1.13485;41;50;39;1.13955;1.13904;1.13861;1.13912;1.14023;1.13897;1.13965;1.13923;1.13623;1.14562;1.13535;20;20;42;1.1368;1.1368;1.1375;
2015.02.19 16:07:53;EURUSD;1.13729;1.13751;1.13799;1.13981;1.14071;1.1392;1.13971;1.14077;1.13485;41;50;39;1.13955;1.13904;1.13861;1.13912;1.14023;1.13897;1.13965;1.13923;1.13623;1.14562;1.13535;20;20;42;1.1368;1.1368;1.1375;
2015.02.19 16:08:23;EURUSD;1.13725;1.1375;1.13798;1.13981;1.14071;1.13919;1.13971;1.14077;1.13485;41;49;38;1.13955;1.13904;1.13861;1.13911;1.14023;1.13897;1.13965;1.13922;1.13623;1.14562;1.13535;19;20;42;1.1368;1.1368;1.1375;
2015.02.19 16:08:54;EURUSD;1.13735;1.13752;1.13799;1.13981;1.14071;1.1392;1.13971;1.14077;1.13485;41;50;39;1.13955;1.13904;1.13861;1.13913;1.14024;1.13897;1.13966;1.13923;1.13623;1.14562;1.13535;20;20;42;1.1368;1.1368;1.1375;
2015.02.19 16:09:24;EURUSD;1.13731;1.13751;1.13799;1.13981;1.14071;1.1392;1.13971;1.14077;1.13485;41;50;39;1.13955;1.13904;1.13861;1.13912;1.14023;1.13897;1.13965;1.13923;1.13623;1.14562;1.13535;20;20;42;1.1368;1.1368;1.1375;
2015.02.19 16:09:54;EURUSD;1.13707;1.13748;1.13797;1.1398;1.14071;1.13919;1.13971;1.14077;1.13485;39;49;37;1.13955;1.13904;1.13861;1.13909;1.14021;1.13896;1.13965;1.13922;1.13622;1.14562;1.13535;19;20;41;1.1368;1.1368;1.1375;
2015.02.19 16:10:22;EURUSD;1.13706;1.13748;1.13797;1.1398;1.14071;1.13919;1.13971;1.14077;1.13485;39;49;37;1.13955;1.13904;1.13861;1.13909;1.14021;1.13896;1.13965;1.13922;1.13622;1.14562;1.13535;19;20;41;1.1368;1.1368;1.1375;
2015.02.19 16:10:54;EURUSD;1.13704;1.13748;1.13797;1.1398;1.14071;1.13919;1.13971;1.14077;1.13485;39;49;37;1.13955;1.13904;1.13861;1.13908;1.14021;1.13896;1.13965;1.13922;1.13622;1.14562;1.13535;19;20;41;1.1368;1.1368;1.1375;
2015.02.19 16:11:24;EURUSD;1.13714;1.13749;1.13798;1.1398;1.14071;1.13919;1.13971;1.14077;1.13485;40;49;38;1.13955;1.13904;1.13861;1.1391;1.14022;1.13896;1.13965;1.13922;1.13622;1.14562;1.13535;19;20;41;1.1368;1.1368;1.1375;
2015.02.19 16:12:11;EURUSD;1.1373;1.13751;1.13799;1.13981;1.14071;1.1392;1.13971;1.14077;1.13485;41;50;39;1.13955;1.13904;1.13861;1.1391;1.14022;1.13896;1.13965;1.13922;1.13622;1.14562;1.13535;19;20;41;1.1368;1.1368;1.1375;
2015.02.19 16:12:41;EURUSD;1.13734;1.13752;1.13799;1.13981;1.14071;1.1392;1.13971;1.14077;1.13485;41;50;39;1.13955;1.13904;1.13861;1.13913;1.14024;1.13897;1.13965;1.13923;1.13623;1.14562;1.13535;20;20;42;1.1368;1.1368;1.1375;
2015.02.19 16:13:11;EURUSD;1.13723;1.1375;1.13798;1.1398;1.14071;1.13919;1.13971;1.14077;1.13485;40;49;38;1.13955;1.13904;1.13861;1.13911;1.14023;1.13896;1.13965;1.13922;1.13623;1.14562;1.13535;19;20;41;1.1368;1.1368;1.1375;
2015.02.19 16:13:41;EURUSD;1.13725;1.1375;1.13798;1.13981;1.14071;1.13919;1.13971;1.14077;1.13485;40;49;38;1.13955;1.13904;1.13861;1.13911;1.14023;1.13896;1.13965;1.13922;1.13623;1.14562;1.13535;19;20;41;1.1368;1.1368;1.1375;
2015.02.19 16:14:11;EURUSD;1.13707;1.13748;1.13797;1.1398;1.14071;1.13919;1.13971;1.14077;1.13485;39;49;37;1.13955;1.13904;1.13861;1.13909;1.14021;1.13896;1.13965;1.13922;1.13622;1.14562;1.13535;19;20;41;1.1368;1.1368;1.1375;
2015.02.19 16:15:27;EURUSD;1.13707;1.13751;1.13779;1.13965;1.14065;1.13919;1.1397;1.14052;1.13491;40;48;37;1.13954;1.13903;1.13862;1.13909;1.14021;1.13896;1.13965;1.13922;1.13622;1.14562;1.13535;19;20;41;1.1368;1.1368;1.1375;
2015.02.19 16:15:41;EURUSD;1.13707;1.13751;1.13779;1.13965;1.14065;1.13919;1.1397;1.14052;1.13491;39;48;37;1.13954;1.13903;1.13862;1.13909;1.14021;1.13896;1.13965;1.13922;1.13622;1.14562;1.13535;19;20;41;1.1368;1.1368;1.1375;
2015.02.19 16:20:35;EURUSD;1.13782;1.13762;1.13785;1.13968;1.14066;1.1392;1.1397;1.14045;1.13491;46;49;42;1.13954;1.13903;1.13862;1.1392;1.14027;1.13899;1.13966;1.13923;1.13623;1.14554;1.13535;22;20;44;1.1368;1.1368;1.1375;
2015.02.19 16:20:41;EURUSD;1.13787;1.13763;1.13785;1.13968;1.14066;1.1392;1.1397;1.14045;1.13491;47;49;43;1.13954;1.13903;1.13862;1.1392;1.14028;1.13899;1.13967;1.13923;1.13623;1.14554;1.13535;22;20;44;1.13681;1.1368;1.1375;
2015.02.19 16:21:17;EURUSD;1.13765;1.1376;1.13783;1.13967;1.14066;1.1392;1.1397;1.14045;1.13491;45;49;41;1.13954;1.13903;1.13862;1.1392;1.14028;1.13899;1.13967;1.13923;1.13623;1.14554;1.13535;22;20;44;1.13681;1.1368;1.1375;
2015.02.19 16:21:47;EURUSD;1.13771;1.13761;1.13784;1.13968;1.14066;1.1392;1.1397;1.14045;1.13491;45;49;42;1.13954;1.13903;1.13862;1.13918;1.14026;1.13898;1.13966;1.13923;1.13623;1.14554;1.13535;21;20;43;1.1368;1.1368;1.1375;
2015.02.19 16:22:17;EURUSD;1.13779;1.13762;1.13784;1.13968;1.14066;1.1392;1.1397;1.14045;1.13491;46;49;42;1.13954;1.13903;1.13862;1.13919;1.14027;1.13899;1.13966;1.13923;1.13623;1.14554;1.13535;21;20;44;1.1368;1.1368;1.1375;
2015.02.19 16:22:47;EURUSD;1.1376;1.13759;1.13783;1.13967;1.14066;1.1392;1.1397;1.14045;1.13491;44;48;41;1.13954;1.13903;1.13862;1.13916;1.14026;1.13898;1.13966;1.13923;1.13623;1.14554;1.13535;21;20;43;1.1368;1.1368;1.1375;
2015.02.20 03:05:44;EURUSD;1.1365;1.13622;1.13632;1.13631;1.13702;1.13907;1.13891;1.13687;1.13578;49;27;48;1.13866;1.13859;1.13904;1.13914;1.14024;1.13897;1.13966;1.13923;1.13623;1.14554;1.13535;20;20;42;1.1368;1.1368;1.1375;
2015.02.20 03:06:15;EURUSD;1.13659;1.13624;1.13633;1.13631;1.13703;1.13907;1.13891;1.13687;1.13578;53;28;49;1.13866;1.13859;1.13904;1.13633;1.13696;1.13889;1.13876;1.13881;1.13643;1.14026;1.13508;23;19;43;1.13717;1.13695;1.13706;
2015.02.20 03:06:45;EURUSD;1.13658;1.13624;1.13633;1.13631;1.13703;1.13907;1.13891;1.13687;1.13578;53;28;49;1.13866;1.13859;1.13904;1.13633;1.13696;1.13889;1.13876;1.13881;1.13643;1.14026;1.13508;23;19;43;1.13717;1.13695;1.13706;
2015.02.20 03:07:15;EURUSD;1.13659;1.13624;1.13633;1.13631;1.13703;1.13907;1.13891;1.13687;1.13578;53;28;49;1.13866;1.13859;1.13904;1.13633;1.13696;1.13889;1.13876;1.13881;1.13643;1.14026;1.13508;23;19;43;1.13717;1.13695;1.13706;
2015.02.20 03:07:45;EURUSD;1.13659;1.13624;1.13633;1.13631;1.13703;1.13907;1.13891;1.13687;1.13578;53;28;49;1.13866;1.13859;1.13904;1.13633;1.13696;1.13889;1.13876;1.13881;1.13643;1.14026;1.13508;23;19;43;1.13717;1.13695;1.13706;
2015.02.20 03:08:15;EURUSD;1.13659;1.13624;1.13633;1.13631;1.13703;1.13907;1.13891;1.13687;1.13578;53;28;49;1.13866;1.13859;1.13904;1.13633;1.13696;1.13889;1.13876;1.13881;1.13643;1.14026;1.13508;23;19;43;1.13717;1.13695;1.13706;
2015.02.20 03:08:45;EURUSD;1.1366;1.13624;1.13633;1.13631;1.13703;1.13907;1.13891;1.13687;1.13578;54;28;49;1.13867;1.13859;1.13904;1.13634;1.13697;1.1389;1.13876;1.13881;1.13643;1.14026;1.13508;23;19;43;1.13717;1.13695;1.13706;
2015.02.20 03:09:03;EURUSD;1.13666;1.13625;1.13633;1.13631;1.13703;1.13907;1.13891;1.13688;1.13578;56;28;50;1.13867;1.13859;1.13904;1.13634;1.13697;1.1389;1.13876;1.13881;1.13643;1.14025;1.13508;24;19;43;1.13717;1.13695;1.13706;
2015.02.20 03:09:45;EURUSD;1.13661;1.13624;1.13633;1.13631;1.13703;1.13907;1.13891;1.13689;1.13578;52;28;49;1.13867;1.13859;1.13904;1.13633;1.13697;1.1389;1.13876;1.13881;1.13643;1.14025;1.13508;23;19;43;1.13717;1.13695;1.13706;
2015.02.20 03:10:15;EURUSD;1.13667;1.13625;1.13633;1.13631;1.13703;1.13907;1.13891;1.13689;1.13578;55;28;50;1.13867;1.13859;1.13904;1.13634;1.13697;1.1389;1.13876;1.13881;1.13643;1.14025;1.13508;24;19;43;1.13717;1.13695;1.13706;
2015.02.20 03:10:45;EURUSD;1.13667;1.13625;1.13633;1.13631;1.13703;1.13907;1.13891;1.13689;1.13578;56;28;50;1.13867;1.13859;1.13904;1.13635;1.13697;1.1389;1.13876;1.13881;1.13643;1.14025;1.13508;24;19;43;1.13717;1.13695;1.13706;
2015.02.20 03:11:15;EURUSD;1.13666;1.13625;1.13633;1.13631;1.13703;1.13907;1.13891;1.13689;1.13578;55;28;50;1.13867;1.13859;1.13904;1.13634;1.13697;1.1389;1.13876;1.13881;1.13643;1.14025;1.13508;24;19;43;1.13717;1.13695;1.13706;
2015.02.20 03:11:45;EURUSD;1.13671;1.13625;1.13633;1.13632;1.13703;1.13907;1.13891;1.13689;1.13578;56;28;51;1.13867;1.13859;1.13904;1.13635;1.13697;1.1389;1.13876;1.13881;1.13643;1.14025;1.13508;24;19;43;1.13717;1.13695;1.13706;
2015.02.20 03:12:15;EURUSD;1.1368;1.13627;1.13634;1.13632;1.13703;1.13907;1.13891;1.1369;1.13578;59;29;52;1.13867;1.13859;1.13904;1.13636;1.13698;1.1389;1.13876;1.13881;1.13643;1.14024;1.13508;25;19;44;1.13717;1.13695;1.13706;
2015.02.20 03:12:45;EURUSD;1.1367;1.13625;1.13633;1.13631;1.13703;1.13907;1.13891;1.1369;1.13578;55;28;50;1.13867;1.13859;1.13904;1.13635;1.13697;1.1389;1.13876;1.13881;1.13643;1.14024;1.13508;24;19;43;1.13717;1.13695;1.13706;
2015.02.20 03:13:15;EURUSD;1.13659;1.13623;1.13632;1.13631;1.13703;1.13907;1.13891;1.1369;1.13578;50;27;49;1.13866;1.13859;1.13904;1.13633;1.13696;1.13889;1.13876;1.13881;1.13643;1.14024;1.13508;23;19;43;1.13717;1.13695;1.13706;
2015.02.20 03:13:45;EURUSD;1.1366;1.13624;1.13633;1.13631;1.13703;1.13907;1.13891;1.1369;1.13578;50;27;49;1.13866;1.13859;1.13904;1.13633;1.13696;1.13889;1.13876;1.13881;1.13643;1.14024;1.13508;23;19;43;1.13717;1.13695;1.13706;
2015.02.20 03:14:16;EURUSD;1.13654;1.13623;1.13632;1.13631;1.13702;1.13907;1.13891;1.1369;1.13578;48;27;48;1.13866;1.13859;1.13904;1.13633;1.13696;1.13889;1.13876;1.13881;1.13643;1.14024;1.13508;23;18;42;1.13717;1.13695;1.13706;
2015.02.20 03:14:45;EURUSD;1.13659;1.13623;1.13632;1.13631;1.13703;1.13907;1.13891;1.1369;1.13578;50;27;49;1.13866;1.13859;1.13904;1.13633;1.13696;1.13889;1.13876;1.13881;1.13643;1.14024;1.13508;23;19;43;1.13717;1.13695;1.13706;
2015.02.20 03:15:15;EURUSD;1.13658;1.13625;1.13633;1.1363;1.13702;1.13904;1.13889;1.13686;1.13578;72;35;49;1.13864;1.13857;1.13904;1.13633;1.13696;1.13889;1.13876;1.13881;1.13643;1.14024;1.13508;23;19;43;1.13717;1.13695;1.13706;
2015.02.20 03:15:45;EURUSD;1.13659;1.13625;1.13633;1.1363;1.13702;1.13904;1.13889;1.13686;1.13578;72;35;49;1.13864;1.13857;1.13904;1.13633;1.13696;1.13889;1.13876;1.13881;1.13643;1.14024;1.13508;23;19;43;1.13717;1.13695;1.13706;
2015.02.20 03:16:16;EURUSD;1.13657;1.13625;1.13633;1.1363;1.13702;1.13904;1.13889;1.13686;1.13578;71;35;49;1.13864;1.13857;1.13904;1.13633;1.13696;1.13889;1.13876;1.13881;1.13643;1.14024;1.13508;23;19;43;1.13717;1.13695;1.13706;
2015.02.20 03:16:46;EURUSD;1.13649;1.13624;1.13632;1.1363;1.13702;1.13904;1.13888;1.13686;1.13578;68;34;48;1.13864;1.13857;1.13904;1.13632;1.13696;1.13889;1.13876;1.13881;1.13643;1.14024;1.13508;22;18;42;1.13717;1.13695;1.13706;
2015.02.20 03:17:15;EURUSD;1.13648;1.13623;1.13632;1.1363;1.13702;1.13904;1.13888;1.13686;1.13578;68;34;47;1.13864;1.13857;1.13904;1.13632;1.13696;1.13889;1.13875;1.13881;1.13643;1.14024;1.13508;22;18;42;1.13717;1.13695;1.13706;
2015.02.20 03:17:46;EURUSD;1.13649;1.13623;1.13632;1.1363;1.13702;1.13904;1.13888;1.13686;1.13578;68;34;47;1.13864;1.13857;1.13904;1.13632;1.13696;1.13889;1.13875;1.13881;1.13643;1.14024;1.13508;22;18;42;1.13717;1.13695;1.13706;
2015.02.20 03:18:16;EURUSD;1.13647;1.13623;1.13632;1.1363;1.13702;1.13904;1.13888;1.13686;1.13578;67;34;47;1.13864;1.13857;1.13904;1.13632;1.13696;1.13889;1.13875;1.13881;1.13643;1.14024;1.13508;22;18;42;1.13717;1.13695;1.13706;
2015.02.20 03:18:45;EURUSD;1.13645;1.13623;1.13632;1.1363;1.13702;1.13904;1.13888;1.13686;1.13579;67;34;47;1.13864;1.13857;1.13904;1.13631;1.13695;1.13889;1.13875;1.13881;1.13643;1.14024;1.13508;22;18;42;1.13717;1.13695;1.13706;
2015.02.20 03:19:15;EURUSD;1.13649;1.13623;1.13632;1.1363;1.13702;1.13904;1.13888;1.13686;1.13579;68;34;47;1.13864;1.13857;1.13904;1.13632;1.13696;1.13889;1.13875;1.13881;1.13643;1.14024;1.13508;22;18;42;1.13717;1.13695;1.13706;
2015.02.20 03:19:45;EURUSD;1.13649;1.13624;1.13632;1.1363;1.13702;1.13904;1.13888;1.13686;1.13579;68;34;48;1.13864;1.13857;1.13904;1.13632;1.13696;1.13889;1.13876;1.13881;1.13643;1.14024;1.13508;22;18;42;1.13717;1.13695;1.13706;
2015.02.20 03:20:15;EURUSD;1.13649;1.13623;1.13632;1.1363;1.13702;1.13904;1.13888;1.13686;1.13579;68;34;47;1.13864;1.13857;1.13904;1.13632;1.13696;1.13889;1.13875;1.13881;1.13643;1.14024;1.13508;22;18;42;1.13717;1.13695;1.13706;
2015.02.20 03:20:46;EURUSD;1.13647;1.13623;1.13632;1.1363;1.13702;1.13904;1.13888;1.13686;1.13579;67;34;47;1.13864;1.13857;1.13904;1.13632;1.13696;1.13889;1.13875;1.13881;1.13643;1.14024;1.13508;22;18;42;1.13717;1.13695;1.13706;
2015.02.20 03:21:15;EURUSD;1.13646;1.13623;1.13632;1.1363;1.13702;1.13904;1.13888;1.13686;1.13579;67;34;47;1.13864;1.13857;1.13904;1.13631;1.13695;1.13889;1.13875;1.13881;1.13643;1.14024;1.13508;22;18;42;1.13717;1.13695;1.13706;
2015.02.20 03:21:44;EURUSD;1.13646;1.13623;1.13632;1.1363;1.13702;1.13904;1.13888;1.13686;1.13579;67;34;47;1.13864;1.13857;1.13904;1.13631;1.13695;1.13889;1.13875;1.13881;1.13643;1.14024;1.13508;22;18;42;1.13717;1.13695;1.13706;
2015.02.20 03:22:16;EURUSD;1.13647;1.13623;1.13632;1.1363;1.13702;1.13904;1.13888;1.13686;1.13579;67;34;47;1.13864;1.13857;1.13904;1.13632;1.13696;1.13889;1.13875;1.13881;1.13643;1.14024;1.13508;22;18;42;1.13717;1.13695;1.13706;
2015.02.20 03:22:44;EURUSD;1.13647;1.13623;1.13632;1.1363;1.13702;1.13904;1.13888;1.13686;1.13579;67;34;47;1.13864;1.13857;1.13904;1.13632;1.13696;1.13889;1.13875;1.13881;1.13643;1.14024;1.13508;22;18;42;1.13717;1.13695;1.13706;
2015.02.20 03:23:16;EURUSD;1.13647;1.13623;1.13632;1.1363;1.13702;1.13904;1.13888;1.13686;1.13579;67;34;47;1.13864;1.13857;1.13904;1.13632;1.13696;1.13889;1.13875;1.13881;1.13643;1.14024;1.13508;22;18;42;1.13717;1.13695;1.13706;
2015.02.20 03:23:34;EURUSD;1.13639;1.13622;1.13631;1.1363;1.13702;1.13904;1.13888;1.13686;1.13579;64;33;46;1.13864;1.13857;1.13904;1.1363;1.13695;1.13889;1.13875;1.13881;1.13643;1.14024;1.13508;21;18;42;1.13717;1.13695;1.13706;
2015.02.20 03:24:16;EURUSD;1.13637;1.13622;1.13631;1.13629;1.13702;1.13904;1.13888;1.13686;1.13579;63;33;46;1.13864;1.13857;1.13904;1.1363;1.13695;1.13889;1.13875;1.13881;1.13643;1.14024;1.13508;21;18;42;1.13717;1.13695;1.13706;
2015.02.20 03:24:46;EURUSD;1.13627;1.1362;1.1363;1.13629;1.13702;1.13904;1.13888;1.13686;1.13578;59;32;45;1.13864;1.13857;1.13904;1.13629;1.13694;1.13888;1.13875;1.13881;1.13643;1.14024;1.13508;20;18;41;1.13717;1.13695;1.13706;
2015.02.20 03:25:16;EURUSD;1.1362;1.13619;1.1363;1.13629;1.13702;1.13903;1.13888;1.13686;1.13577;56;32;44;1.13864;1.13857;1.13904;1.13628;1.13693;1.13888;1.13875;1.13881;1.13643;1.14024;1.13506;19;18;41;1.13717;1.13695;1.13706;
2015.02.20 07:57:35;EURUSD;1.13641;1.13634;1.13651;1.13647;1.13652;1.13826;1.13855;1.13717;1.13596;30;19;45;1.13831;1.13833;1.13912;1.13628;1.13693;1.13888;1.13875;1.13881;1.13643;1.14024;1.13506;19;18;41;1.13717;1.13695;1.13706;
2015.02.20 07:58:05;EURUSD;1.1364;1.13634;1.13651;1.13647;1.13652;1.13826;1.13855;1.13717;1.13596;30;19;45;1.13831;1.13833;1.13912;1.13652;1.13652;1.13815;1.13847;1.13871;1.13656;1.13866;1.13541;49;49;43;1.13729;1.13699;1.13691;
2015.02.20 07:58:35;EURUSD;1.1364;1.13634;1.13651;1.13647;1.13652;1.13826;1.13855;1.13717;1.13596;30;19;45;1.13831;1.13833;1.13912;1.13652;1.13652;1.13815;1.13847;1.13871;1.13656;1.13866;1.13541;49;49;43;1.13729;1.13699;1.13691;
2015.02.20 07:59:05;EURUSD;1.13639;1.13634;1.13651;1.13647;1.13652;1.13826;1.13855;1.13717;1.13596;29;19;45;1.13831;1.13833;1.13912;1.13652;1.13652;1.13815;1.13847;1.13871;1.13656;1.13866;1.13541;49;49;42;1.13729;1.13699;1.13691;
2015.02.20 07:59:35;EURUSD;1.13642;1.13634;1.13651;1.13647;1.13652;1.13826;1.13855;1.13717;1.13596;30;19;46;1.13831;1.13833;1.13912;1.13653;1.13652;1.13815;1.13847;1.13871;1.13656;1.13866;1.13541;49;49;43;1.13729;1.13699;1.13691;
2015.02.20 08:00:05;EURUSD;1.13644;1.13632;1.13646;1.13647;1.1365;1.1382;1.13853;1.13706;1.13597;37;24;46;1.13829;1.13832;1.13912;1.13651;1.13645;1.13796;1.13839;1.13868;1.13657;1.13767;1.13542;46;53;43;1.13731;1.137;1.13688;
2015.02.20 08:00:34;EURUSD;1.13652;1.13633;1.13647;1.13647;1.1365;1.13821;1.13853;1.13706;1.13597;41;25;48;1.13829;1.13832;1.13912;1.13653;1.13645;1.13797;1.13839;1.13868;1.13658;1.13766;1.13542;47;53;43;1.13731;1.137;1.13688;
2015.02.20 08:01:05;EURUSD;1.13653;1.13633;1.13647;1.13648;1.1365;1.13821;1.13853;1.13706;1.13597;42;25;48;1.13829;1.13832;1.13912;1.13653;1.13645;1.13797;1.13839;1.13868;1.13658;1.13766;1.13542;47;53;43;1.13731;1.137;1.13688;
2015.02.20 08:01:34;EURUSD;1.13647;1.13632;1.13647;1.13647;1.1365;1.1382;1.13853;1.13706;1.13597;39;24;47;1.13829;1.13832;1.13912;1.13652;1.13645;1.13797;1.13839;1.13868;1.13657;1.13766;1.13542;46;53;43;1.13731;1.137;1.13688;
2015.02.20 08:02:03;EURUSD;1.13647;1.13632;1.13647;1.13647;1.1365;1.1382;1.13853;1.13706;1.13597;39;24;47;1.13829;1.13832;1.13912;1.13652;1.13645;1.13797;1.13839;1.13868;1.13657;1.13766;1.13542;46;53;43;1.13731;1.137;1.13688;
2015.02.20 14:31:02;EURUSD;1.1308;1.13193;1.13263;1.13333;1.13491;1.13613;1.13769;1.13547;1.12944;34;34;33;1.13769;1.13792;1.13881;1.13652;1.13645;1.13797;1.13839;1.13868;1.13657;1.13766;1.13542;46;53;43;1.13731;1.137;1.13688;
2015.02.20 14:31:32;EURUSD;1.13071;1.13192;1.13262;1.13333;1.13491;1.13613;1.13769;1.13547;1.12941;34;34;33;1.13769;1.13792;1.13881;1.13333;1.13481;1.13607;1.13755;1.13821;1.13658;1.13841;1.12908;29;34;25;1.13735;1.13699;1.13663;
2015.02.20 14:32:03;EURUSD;1.13076;1.13193;1.13263;1.13333;1.13491;1.13613;1.13769;1.13547;1.1294;34;34;33;1.13769;1.13792;1.13881;1.13333;1.13481;1.13607;1.13755;1.13821;1.13658;1.13841;1.12908;29;34;25;1.13735;1.13699;1.13663;
2015.02.20 14:32:33;EURUSD;1.13091;1.13195;1.13264;1.13334;1.13491;1.13613;1.1377;1.13547;1.1294;35;35;34;1.13769;1.13792;1.13881;1.13335;1.13483;1.13607;1.13755;1.13821;1.13658;1.13841;1.12908;30;34;26;1.13735;1.13699;1.13663;
2015.02.20 14:33:03;EURUSD;1.13081;1.13193;1.13263;1.13333;1.13491;1.13613;1.13769;1.13547;1.12939;34;34;33;1.13769;1.13792;1.13881;1.13334;1.13482;1.13607;1.13755;1.13821;1.13658;1.13841;1.12908;29;34;26;1.13735;1.13699;1.13663;
2015.02.20 14:33:32;EURUSD;1.1308;1.13193;1.13263;1.13333;1.13491;1.13613;1.13769;1.13547;1.12939;34;34;33;1.13769;1.13792;1.13881;1.13334;1.13482;1.13607;1.13755;1.13821;1.13658;1.13841;1.12908;29;34;26;1.13735;1.13699;1.13663;
2015.02.20 14:34:03;EURUSD;1.13103;1.13197;1.13265;1.13334;1.13491;1.13613;1.1377;1.13547;1.12939;36;35;35;1.13769;1.13792;1.13881;1.13337;1.13484;1.13608;1.13756;1.13821;1.13658;1.13841;1.12908;30;34;26;1.13735;1.13699;1.13663;
2015.02.20 14:34:33;EURUSD;1.13158;1.13205;1.13269;1.13336;1.13492;1.13614;1.1377;1.13537;1.12939;40;36;39;1.13769;1.13792;1.13881;1.13345;1.13488;1.1361;1.13757;1.13822;1.13658;1.13841;1.12908;33;34;27;1.13735;1.137;1.13663;
2015.02.20 14:35:03;EURUSD;1.13166;1.13206;1.1327;1.13337;1.13492;1.13614;1.1377;1.13534;1.12939;41;36;39;1.13769;1.13792;1.13881;1.13346;1.13488;1.1361;1.13757;1.13822;1.13658;1.13841;1.12908;33;35;28;1.13735;1.137;1.13663;
2015.02.20 14:35:33;EURUSD;1.13172;1.13206;1.1327;1.13337;1.13492;1.13614;1.1377;1.13534;1.12939;41;36;40;1.13769;1.13792;1.13881;1.13347;1.13489;1.13611;1.13757;1.13822;1.13658;1.13841;1.12908;34;35;28;1.13735;1.137;1.13663;
2015.02.20 14:36:03;EURUSD;1.13159;1.13205;1.13269;1.13336;1.13492;1.13614;1.1377;1.13534;1.12939;40;36;39;1.13769;1.13792;1.13881;1.13345;1.13488;1.1361;1.13757;1.13822;1.13658;1.13841;1.12908;33;34;27;1.13735;1.137;1.13663;
2015.02.20 14:36:33;EURUSD;1.13156;1.13204;1.13269;1.13336;1.13492;1.13614;1.1377;1.13534;1.12939;40;36;39;1.13769;1.13792;1.13881;1.13345;1.13488;1.1361;1.13757;1.13821;1.13658;1.13841;1.12908;33;34;27;1.13735;1.137;1.13663;
2015.02.20 14:37:03;EURUSD;1.13165;1.13206;1.1327;1.13337;1.13492;1.13614;1.1377;1.13534;1.12939;41;36;39;1.13769;1.13792;1.13881;1.13346;1.13488;1.1361;1.13757;1.13822;1.13658;1.13841;1.12908;33;35;28;1.13735;1.137;1.13663;
2015.02.20 14:37:33;EURUSD;1.13162;1.13205;1.13269;1.13337;1.13492;1.13614;1.1377;1.13534;1.12939;40;36;39;1.13769;1.13792;1.13881;1.13346;1.13488;1.1361;1.13757;1.13822;1.13658;1.13841;1.12908;33;35;28;1.13735;1.137;1.13663;
2015.02.20 14:38:03;EURUSD;1.13195;1.1321;1.13272;1.13338;1.13493;1.13614;1.1377;1.13528;1.12939;43;36;41;1.13769;1.13792;1.13881;1.1335;1.13491;1.13611;1.13757;1.13822;1.13658;1.13841;1.12908;35;35;28;1.13736;1.137;1.13663;
2015.02.20 14:38:33;EURUSD;1.13199;1.1321;1.13272;1.13338;1.13493;1.13614;1.1377;1.13527;1.12939;43;36;42;1.13769;1.13792;1.13881;1.13351;1.13491;1.13612;1.13757;1.13822;1.13658;1.13841;1.12908;35;35;29;1.13736;1.137;1.13663;
2015.02.20 14:39:03;EURUSD;1.13185;1.13208;1.13271;1.13337;1.13493;1.13614;1.1377;1.13527;1.12939;42;36;41;1.13769;1.13792;1.13881;1.13349;1.1349;1.13611;1.13757;1.13822;1.13658;1.13841;1.12908;34;35;28;1.13735;1.137;1.13663;
2015.02.20 14:39:33;EURUSD;1.13193;1.13209;1.13272;1.13338;1.13493;1.13614;1.1377;1.13527;1.12939;42;36;41;1.13769;1.13792;1.13881;1.1335;1.1349;1.13611;1.13757;1.13822;1.13658;1.13841;1.12908;35;35;28;1.13735;1.137;1.13663;
2015.02.20 14:40:03;EURUSD;1.13178;1.13207;1.13271;1.13337;1.13493;1.13614;1.1377;1.13527;1.12939;41;36;40;1.13769;1.13792;1.13881;1.13348;1.13489;1.13611;1.13757;1.13822;1.13658;1.13841;1.12908;34;35;28;1.13735;1.137;1.13663;
2015.02.20 14:40:33;EURUSD;1.13163;1.13205;1.13269;1.13337;1.13492;1.13614;1.1377;1.13527;1.12939;40;36;39;1.13769;1.13792;1.13881;1.13346;1.13488;1.1361;1.13757;1.13822;1.13658;1.13841;1.12908;33;35;28;1.13735;1.137;1.13663;
2015.02.20 14:41:03;EURUSD;1.13156;1.13204;1.13269;1.13336;1.13492;1.13614;1.1377;1.13527;1.12939;40;36;39;1.13769;1.13792;1.13881;1.13345;1.13488;1.1361;1.13757;1.13822;1.13658;1.13841;1.12908;33;34;27;1.13735;1.137;1.13663;
2015.02.20 14:41:33;EURUSD;1.13165;1.13206;1.1327;1.13337;1.13492;1.13614;1.1377;1.13527;1.12939;41;36;39;1.13769;1.13792;1.13881;1.13346;1.13488;1.1361;1.13757;1.13822;1.13658;1.13841;1.12908;33;35;28;1.13735;1.137;1.13663;
2015.02.20 14:42:03;EURUSD;1.13196;1.1321;1.13272;1.13338;1.13493;1.13614;1.1377;1.13527;1.12939;43;36;41;1.13769;1.13792;1.13881;1.13351;1.13491;1.13611;1.13757;1.13822;1.13658;1.13841;1.12908;35;35;29;1.13736;1.137;1.13663;
2015.02.20 14:42:33;EURUSD;1.13213;1.13212;1.13273;1.13338;1.13493;1.13614;1.1377;1.13527;1.12939;44;36;42;1.13769;1.13792;1.13881;1.13353;1.13492;1.13612;1.13758;1.13822;1.13658;1.13841;1.12908;36;35;29;1.13736;1.137;1.13663;
2015.02.20 14:43:03;EURUSD;1.13184;1.13208;1.13271;1.13337;1.13493;1.13614;1.1377;1.13524;1.12939;42;36;41;1.13769;1.13792;1.13881;1.13349;1.1349;1.13611;1.13757;1.13822;1.13658;1.13841;1.12908;34;35;28;1.13735;1.137;1.13663;
2015.02.20 14:43:33;EURUSD;1.13174;1.13207;1.1327;1.13337;1.13493;1.13614;1.1377;1.13524;1.12939;41;36;40;1.13769;1.13792;1.13881;1.13347;1.13489;1.13611;1.13757;1.13822;1.13658;1.13841;1.12908;34;35;28;1.13735;1.137;1.13663;
2015.02.20 14:44:03;EURUSD;1.13168;1.13206;1.1327;1.13337;1.13492;1.13614;1.1377;1.13524;1.12939;41;36;39;1.13769;1.13792;1.13881;1.13346;1.13489;1.1361;1.13757;1.13822;1.13658;1.13841;1.12908;34;35;28;1.13735;1.137;1.13663;
2015.02.20 14:44:33;EURUSD;1.13186;1.13209;1.13271;1.13337;1.13493;1.13614;1.1377;1.13524;1.12939;42;36;41;1.13769;1.13792;1.13881;1.13349;1.1349;1.13611;1.13757;1.13822;1.13658;1.13841;1.12908;34;35;28;1.13735;1.137;1.13663;
2015.02.20 14:45:19;EURUSD;1.1321;1.13197;1.13266;1.13324;1.13484;1.13607;1.13766;1.13531;1.12953;41;37;42;1.13767;1.13792;1.1388;1.13349;1.1349;1.13611;1.13757;1.13822;1.13658;1.13841;1.12908;34;35;28;1.13735;1.137;1.13663;
2015.02.20 14:46:05;EURUSD;1.13208;1.13197;1.13266;1.13323;1.13484;1.13607;1.13766;1.13531;1.12953;41;37;42;1.13767;1.13792;1.1388;1.13351;1.13491;1.13611;1.13757;1.13822;1.13658;1.13841;1.12908;35;35;29;1.13736;1.137;1.13663;
2015.02.20 14:46:36;EURUSD;1.13227;1.132;1.13267;1.13324;1.13484;1.13607;1.13766;1.13528;1.12953;43;37;43;1.13767;1.13792;1.1388;1.13355;1.13493;1.13613;1.13758;1.13822;1.13658;1.13841;1.12908;36;35;30;1.13736;1.137;1.13663;
2015.02.20 14:47:06;EURUSD;1.13212;1.13197;1.13266;1.13324;1.13484;1.13607;1.13766;1.13528;1.12953;41;37;42;1.13767;1.13792;1.1388;1.13353;1.13492;1.13612;1.13758;1.13822;1.13658;1.13841;1.12908;36;35;29;1.13736;1.137;1.13663;
2015.02.20 14:47:36;EURUSD;1.13222;1.13199;1.13267;1.13324;1.13484;1.13607;1.13766;1.13528;1.12953;42;37;43;1.13767;1.13792;1.1388;1.13354;1.13493;1.13612;1.13758;1.13822;1.13658;1.13841;1.12908;36;35;30;1.13736;1.137;1.13663;
2015.02.20 14:48:06;EURUSD;1.13235;1.13201;1.13268;1.13325;1.13485;1.13607;1.13766;1.13527;1.12953;43;37;44;1.13767;1.13792;1.1388;1.13356;1.13494;1.13613;1.13758;1.13822;1.13658;1.13841;1.12908;37;35;31;1.13736;1.137;1.13663;
2015.02.20 14:48:42;EURUSD;1.1322;1.13198;1.13266;1.13324;1.13484;1.13607;1.13766;1.13527;1.12953;42;37;43;1.13767;1.13792;1.1388;1.13355;1.13493;1.13613;1.13758;1.13822;1.13658;1.13841;1.12908;36;35;30;1.13736;1.137;1.13663;
2015.02.20 14:49:12;EURUSD;1.13233;1.132;1.13268;1.13324;1.13485;1.13607;1.13766;1.13527;1.12953;43;37;44;1.13767;1.13792;1.1388;1.13356;1.13494;1.13613;1.13758;1.13822;1.13658;1.13841;1.12908;37;35;30;1.13736;1.137;1.13663;
2015.02.20 14:49:42;EURUSD;1.13193;1.13194;1.13264;1.13323;1.13484;1.13607;1.13766;1.13527;1.12953;40;36;41;1.13767;1.13792;1.1388;1.1335;1.1349;1.13611;1.13757;1.13822;1.13658;1.13841;1.12908;35;35;28;1.13735;1.137;1.13663;
2015.02.20 14:50:12;EURUSD;1.13186;1.13194;1.13264;1.13323;1.13484;1.13607;1.13766;1.13527;1.12953;39;36;41;1.13767;1.13792;1.1388;1.13349;1.1349;1.13611;1.13757;1.13822;1.13658;1.13841;1.12908;34;35;28;1.13735;1.137;1.13663;
2015.02.20 14:50:41;EURUSD;1.13193;1.13194;1.13264;1.13323;1.13484;1.13607;1.13766;1.13527;1.12953;40;36;41;1.13767;1.13792;1.1388;1.1335;1.1349;1.13611;1.13757;1.13822;1.13658;1.13841;1.12908;35;35;28;1.13735;1.137;1.13663;
2015.02.20 14:51:12;EURUSD;1.13188;1.13194;1.13264;1.13323;1.13484;1.13607;1.13766;1.13527;1.12953;40;36;41;1.13767;1.13792;1.1388;1.13349;1.1349;1.13611;1.13757;1.13822;1.13658;1.13841;1.12908;35;35;28;1.13735;1.137;1.13663;
2015.02.20 14:51:41;EURUSD;1.13185;1.13194;1.13264;1.13323;1.13484;1.13606;1.13766;1.13527;1.12953;39;36;41;1.13767;1.13792;1.1388;1.13349;1.1349;1.13611;1.13757;1.13822;1.13658;1.13841;1.12908;34;35;28;1.13735;1.137;1.13663;
2015.02.20 14:52:12;EURUSD;1.1322;1.13199;1.13267;1.13324;1.13484;1.13607;1.13766;1.13527;1.12953;42;37;43;1.13767;1.13792;1.1388;1.13354;1.13493;1.13612;1.13758;1.13822;1.13658;1.13841;1.12908;36;35;30;1.13736;1.137;1.13663;
2015.02.20 14:52:41;EURUSD;1.13101;1.13182;1.13257;1.13319;1.13482;1.13606;1.13765;1.13527;1.12936;33;35;37;1.13766;1.13792;1.13879;1.13339;1.13484;1.13608;1.13756;1.13821;1.13658;1.13841;1.12908;31;34;26;1.13735;1.137;1.13663;
2015.02.20 14:53:12;EURUSD;1.1312;1.13184;1.13259;1.1332;1.13482;1.13606;1.13765;1.13527;1.12934;34;35;38;1.13766;1.13792;1.13879;1.1334;1.13485;1.13609;1.13756;1.13821;1.13658;1.13841;1.12908;31;34;27;1.13735;1.137;1.13663;
2015.02.20 14:53:41;EURUSD;1.13145;1.13188;1.13261;1.13321;1.13483;1.13606;1.13766;1.13527;1.12934;36;36;39;1.13767;1.13792;1.13879;1.13343;1.13487;1.1361;1.13756;1.13821;1.13658;1.13841;1.12908;32;34;27;1.13735;1.137;1.13663;
2015.02.20 14:53:50;EURUSD;1.13153;1.13189;1.13261;1.13321;1.13483;1.13606;1.13766;1.13527;1.12934;37;36;39;1.13767;1.13792;1.13879;1.13344;1.13487;1.1361;1.13757;1.13821;1.13658;1.13841;1.12908;33;34;27;1.13735;1.137;1.13663;
2015.02.20 14:54:42;EURUSD;1.13146;1.13188;1.13261;1.13321;1.13483;1.13606;1.13766;1.13527;1.12934;36;36;39;1.13767;1.13792;1.13879;1.13343;1.13487;1.1361;1.13756;1.13821;1.13658;1.13841;1.12908;32;34;27;1.13735;1.137;1.13663;
2015.02.20 14:55:12;EURUSD;1.13139;1.13187;1.1326;1.13321;1.13483;1.13606;1.13765;1.13527;1.12934;36;36;38;1.13767;1.13792;1.13879;1.13342;1.13486;1.13609;1.13756;1.13821;1.13658;1.13841;1.12908;32;34;27;1.13735;1.137;1.13663;
2015.02.20 14:55:42;EURUSD;1.131;1.13181;1.13257;1.13319;1.13482;1.13606;1.13765;1.13527;1.12934;33;35;37;1.13766;1.13792;1.13879;1.13337;1.13483;1.13608;1.13756;1.13821;1.13658;1.13841;1.12908;30;34;26;1.13735;1.13699;1.13663;
2015.02.20 14:56:12;EURUSD;1.13094;1.1318;1.13257;1.13319;1.13482;1.13606;1.13765;1.13527;1.12934;32;35;37;1.13766;1.13792;1.13879;1.13336;1.13483;1.13608;1.13755;1.13821;1.13658;1.13841;1.12908;30;34;26;1.13735;1.13699;1.13663;
2015.02.20 14:56:42;EURUSD;1.13106;1.13182;1.13258;1.1332;1.13482;1.13606;1.13765;1.13527;1.12934;33;35;37;1.13766;1.13792;1.13879;1.13338;1.13484;1.13608;1.13756;1.13821;1.13658;1.13841;1.12908;30;34;26;1.13735;1.137;1.13663;
2015.02.20 14:57:12;EURUSD;1.13103;1.13182;1.13258;1.13319;1.13482;1.13606;1.13765;1.13527;1.12934;33;35;37;1.13766;1.13792;1.13879;1.13337;1.13484;1.13608;1.13756;1.13821;1.13658;1.13841;1.12908;30;34;26;1.13735;1.13699;1.13663;
2015.02.20 14:57:42;EURUSD;1.13102;1.13182;1.13257;1.13319;1.13482;1.13606;1.13765;1.13527;1.12934;33;35;37;1.13766;1.13792;1.13879;1.13337;1.13483;1.13608;1.13756;1.13821;1.13658;1.13841;1.12908;30;34;26;1.13735;1.13699;1.13663;
2015.02.20 14:58:12;EURUSD;1.13113;1.13183;1.13258;1.1332;1.13482;1.13606;1.13765;1.13527;1.12934;34;35;37;1.13766;1.13792;1.13879;1.13338;1.13484;1.13608;1.13756;1.13821;1.13658;1.13841;1.12908;31;34;26;1.13735;1.137;1.13663;
2015.02.20 14:58:42;EURUSD;1.13129;1.13185;1.13259;1.1332;1.13483;1.13606;1.13765;1.13527;1.12934;35;35;38;1.13766;1.13792;1.13879;1.13341;1.13485;1.13609;1.13756;1.13821;1.13658;1.13841;1.12908;32;34;27;1.13735;1.137;1.13663;
2015.02.20 14:59:12;EURUSD;1.13123;1.13184;1.13259;1.1332;1.13482;1.13606;1.13765;1.13527;1.12934;35;35;38;1.13766;1.13792;1.13879;1.1334;1.13485;1.13609;1.13756;1.13821;1.13658;1.13841;1.12908;31;34;27;1.13735;1.137;1.13663;
2015.02.20 14:59:42;EURUSD;1.13149;1.13188;1.13261;1.13321;1.13483;1.13606;1.13766;1.13527;1.12934;37;36;39;1.13767;1.13792;1.13879;1.13344;1.13487;1.1361;1.13756;1.13821;1.13658;1.13841;1.12908;33;34;27;1.13735;1.137;1.13663;
2015.02.20 15:00:12;EURUSD;1.13107;1.13163;1.13245;1.13302;1.13473;1.13598;1.13761;1.13543;1.12922;37;37;37;1.13764;1.13791;1.13878;1.13271;1.13445;1.13576;1.1374;1.13812;1.13657;1.13891;1.12858;22;32;26;1.13734;1.13699;1.13658;
2015.02.20 15:00:42;EURUSD;1.13149;1.13169;1.13249;1.13303;1.13473;1.13598;1.13761;1.13542;1.12922;41;38;39;1.13764;1.13791;1.13878;1.13277;1.13448;1.13578;1.13741;1.13812;1.13657;1.13889;1.12858;24;33;28;1.13734;1.13699;1.13659;
2015.02.20 15:01:12;EURUSD;1.13137;1.13168;1.13248;1.13303;1.13473;1.13598;1.13761;1.13542;1.12922;40;37;38;1.13764;1.13791;1.13878;1.13275;1.13447;1.13577;1.13741;1.13812;1.13657;1.13889;1.12858;24;33;27;1.13734;1.13699;1.13659;
2015.02.20 15:01:42;EURUSD;1.13137;1.13168;1.13248;1.13303;1.13473;1.13598;1.13761;1.13542;1.12922;40;37;38;1.13764;1.13791;1.13878;1.13275;1.13447;1.13577;1.13741;1.13812;1.13657;1.13889;1.12858;24;33;27;1.13734;1.13699;1.13659;
2015.02.20 15:02:12;EURUSD;1.13112;1.13164;1.13246;1.13302;1.13473;1.13598;1.13761;1.13542;1.12922;38;37;37;1.13764;1.13791;1.13878;1.13272;1.13446;1.13576;1.1374;1.13812;1.13657;1.13889;1.12858;23;33;26;1.13734;1.13699;1.13659;
2015.02.20 15:02:42;EURUSD;1.13122;1.13166;1.13247;1.13302;1.13473;1.13598;1.13761;1.13542;1.12922;39;37;38;1.13764;1.13791;1.13878;1.13273;1.13446;1.13577;1.13741;1.13812;1.13657;1.13889;1.12858;23;33;27;1.13734;1.13699;1.13659;
2015.02.20 15:03:12;EURUSD;1.13134;1.13167;1.13248;1.13303;1.13473;1.13598;1.13761;1.13541;1.12922;39;37;38;1.13764;1.13791;1.13878;1.13275;1.13447;1.13577;1.13741;1.13812;1.13657;1.13887;1.12858;24;33;27;1.13734;1.13699;1.13659;
2015.02.20 15:03:42;EURUSD;1.13125;1.13166;1.13247;1.13303;1.13473;1.13598;1.13761;1.13541;1.12922;39;37;38;1.13764;1.13791;1.13878;1.13274;1.13447;1.13577;1.13741;1.13812;1.13657;1.13887;1.12858;23;33;27;1.13734;1.13699;1.13659;
2015.02.20 15:04:12;EURUSD;1.13112;1.13164;1.13246;1.13302;1.13473;1.13598;1.13761;1.13541;1.12922;38;37;37;1.13764;1.13791;1.13878;1.13272;1.13446;1.13576;1.1374;1.13812;1.13657;1.13887;1.12858;23;33;26;1.13734;1.13699;1.13659;
2015.02.20 15:04:42;EURUSD;1.13115;1.13165;1.13246;1.13302;1.13473;1.13598;1.13761;1.13541;1.12922;38;37;37;1.13764;1.13791;1.13878;1.13272;1.13446;1.13576;1.1374;1.13812;1.13657;1.13887;1.12858;23;33;26;1.13734;1.13699;1.13659;
2015.02.20 15:05:11;EURUSD;1.13116;1.13165;1.13246;1.13302;1.13473;1.13598;1.13761;1.13541;1.12922;38;37;37;1.13764;1.13791;1.13878;1.13272;1.13446;1.13576;1.1374;1.13812;1.13657;1.13887;1.12858;23;33;26;1.13734;1.13699;1.13659;
2015.02.20 15:05:11;EURUSD;1.13116;1.13165;1.13246;1.13302;1.13473;1.13598;1.13761;1.13541;1.12922;38;37;37;1.13764;1.13791;1.13878;1.13272;1.13446;1.13576;1.1374;1.13812;1.13657;1.13887;1.12858;23;33;26;1.13734;1.13699;1.13659;
2015.02.20 15:05:11;EURUSD;1.13116;1.13165;1.13246;1.13302;1.13473;1.13598;1.13761;1.13541;1.12922;38;37;37;1.13764;1.13791;1.13878;1.13272;1.13446;1.13576;1.1374;1.13812;1.13657;1.13887;1.12858;23;33;26;1.13734;1.13699;1.13659;
2015.02.20 15:05:11;EURUSD;1.13116;1.13165;1.13246;1.13302;1.13473;1.13598;1.13761;1.13541;1.12922;38;37;37;1.13764;1.13791;1.13878;1.13272;1.13446;1.13576;1.1374;1.13812;1.13657;1.13887;1.12858;23;33;26;1.13734;1.13699;1.13659;
2015.02.20 15:05:11;EURUSD;1.13116;1.13165;1.13246;1.13302;1.13473;1.13598;1.13761;1.13541;1.12922;38;37;37;1.13764;1.13791;1.13878;1.13272;1.13446;1.13576;1.1374;1.13812;1.13657;1.13887;1.12858;23;33;26;1.13734;1.13699;1.13659;
2015.02.20 15:05:11;EURUSD;1.13116;1.13165;1.13246;1.13302;1.13473;1.13598;1.13761;1.13541;1.12922;38;37;37;1.13764;1.13791;1.13878;1.13272;1.13446;1.13576;1.1374;1.13812;1.13657;1.13887;1.12858;23;33;26;1.13734;1.13699;1.13659;
2015.02.20 15:05:11;EURUSD;1.13116;1.13165;1.13246;1.13302;1.13473;1.13598;1.13761;1.13541;1.12922;38;37;37;1.13764;1.13791;1.13878;1.13272;1.13446;1.13576;1.1374;1.13812;1.13657;1.13887;1.12858;23;33;26;1.13734;1.13699;1.13659;
2015.02.20 15:05:11;EURUSD;1.13116;1.13165;1.13246;1.13302;1.13473;1.13598;1.13761;1.13541;1.12922;38;37;37;1.13764;1.13791;1.13878;1.13272;1.13446;1.13576;1.1374;1.13812;1.13657;1.13887;1.12858;23;33;26;1.13734;1.13699;1.13659;
2015.02.20 15:05:11;EURUSD;1.13116;1.13165;1.13246;1.13302;1.13473;1.13598;1.13761;1.13541;1.12922;38;37;37;1.13764;1.13791;1.13878;1.13272;1.13446;1.13576;1.1374;1.13812;1.13657;1.13887;1.12858;23;33;26;1.13734;1.13699;1.13659;
2015.02.20 15:05:11;EURUSD;1.13116;1.13165;1.13246;1.13302;1.13473;1.13598;1.13761;1.13541;1.12922;38;37;37;1.13764;1.13791;1.13878;1.13272;1.13446;1.13576;1.1374;1.13812;1.13657;1.13887;1.12858;23;33;26;1.13734;1.13699;1.13659;
2015.02.20 15:05:11;EURUSD;1.13116;1.13165;1.13246;1.13302;1.13473;1.13598;1.13761;1.13541;1.12922;38;37;37;1.13764;1.13791;1.13878;1.13272;1.13446;1.13576;1.1374;1.13812;1.13657;1.13887;1.12858;23;33;26;1.13734;1.13699;1.13659;
2015.02.20 15:05:11;EURUSD;1.13116;1.13165;1.13246;1.13302;1.13473;1.13598;1.13761;1.13541;1.12922;38;37;37;1.13764;1.13791;1.13878;1.13272;1.13446;1.13576;1.1374;1.13812;1.13657;1.13887;1.12858;23;33;26;1.13734;1.13699;1.13659;
2015.02.20 15:05:11;EURUSD;1.13116;1.13165;1.13246;1.13302;1.13473;1.13598;1.13761;1.13541;1.12922;38;37;37;1.13764;1.13791;1.13878;1.13272;1.13446;1.13576;1.1374;1.13812;1.13657;1.13887;1.12858;23;33;26;1.13734;1.13699;1.13659;
2015.02.20 15:11:40;EURUSD;1.1303;1.13153;1.1324;1.13299;1.13471;1.13597;1.13761;1.13541;1.12904;31;36;34;1.13763;1.13791;1.13878;1.1326;1.13439;1.13573;1.13739;1.13811;1.13657;1.13887;1.12837;19;32;24;1.13734;1.13699;1.13658;
2015.02.20 15:12:12;EURUSD;1.13038;1.13154;1.1324;1.13299;1.13471;1.13597;1.13761;1.13541;1.12904;32;36;34;1.13763;1.13791;1.13878;1.13261;1.1344;1.13573;1.13739;1.13811;1.13657;1.13887;1.12837;19;32;24;1.13734;1.13699;1.13658;
2015.02.20 15:12:42;EURUSD;1.13037;1.13154;1.1324;1.13299;1.13471;1.13597;1.13761;1.13541;1.12903;32;36;34;1.13763;1.13791;1.13878;1.13261;1.1344;1.13573;1.13739;1.13811;1.13657;1.13887;1.12836;19;32;24;1.13734;1.13699;1.13658;
2015.02.20 15:13:12;EURUSD;1.13049;1.13155;1.13241;1.133;1.13472;1.13597;1.13761;1.13541;1.12903;33;36;35;1.13763;1.13791;1.13878;1.13263;1.13441;1.13574;1.13739;1.13811;1.13657;1.13887;1.12836;20;32;25;1.13734;1.13699;1.13658;
2015.02.20 15:13:42;EURUSD;1.1306;1.13157;1.13242;1.133;1.13472;1.13597;1.13761;1.13541;1.12903;34;36;35;1.13763;1.13791;1.13878;1.13264;1.13441;1.13574;1.13739;1.13811;1.13657;1.13887;1.12836;20;32;25;1.13734;1.13699;1.13658;
2015.02.20 15:14:08;EURUSD;1.13036;1.13154;1.1324;1.13299;1.13471;1.13597;1.13761;1.13541;1.12903;32;36;34;1.13763;1.13791;1.13878;1.13261;1.1344;1.13573;1.13739;1.13811;1.13657;1.13887;1.12836;19;32;24;1.13734;1.13699;1.13658;
2015.02.20 15:14:41;EURUSD;1.12996;1.13148;1.13237;1.13298;1.13471;1.13597;1.1376;1.13541;1.12894;29;35;33;1.13763;1.13791;1.13878;1.13255;1.13437;1.13572;1.13738;1.1381;1.13657;1.13887;1.12826;17;31;24;1.13734;1.13699;1.13658;
2015.02.20 15:15:12;EURUSD;1.12986;1.1311;1.132;1.13273;1.13458;1.13588;1.13755;1.13534;1.12861;13;31;33;1.13759;1.1379;1.13876;1.13254;1.13436;1.13571;1.13738;1.1381;1.13657;1.13887;1.12825;16;31;23;1.13733;1.13699;1.13658;
2015.02.20 15:15:42;EURUSD;1.12995;1.13111;1.13201;1.13274;1.13459;1.13588;1.13755;1.13532;1.12861;14;31;33;1.13759;1.1379;1.13876;1.13255;1.13437;1.13572;1.13738;1.1381;1.13657;1.13887;1.12825;17;31;24;1.13734;1.13699;1.13658;
2015.02.20 15:16:12;EURUSD;1.12913;1.131;1.13194;1.13271;1.13457;1.13587;1.13755;1.13532;1.12833;13;31;30;1.13759;1.1379;1.13875;1.13243;1.1343;1.13569;1.13737;1.1381;1.13656;1.13887;1.12796;17;31;22;1.13733;1.13699;1.13658;
2015.02.20 15:16:42;EURUSD;1.12866;1.13093;1.13191;1.13269;1.13456;1.13587;1.13755;1.13532;1.12812;14;31;29;1.13759;1.1379;1.13875;1.13237;1.13427;1.13567;1.13736;1.13809;1.13656;1.13887;1.12775;17;31;21;1.13733;1.13699;1.13658;
2015.02.20 15:17:12;EURUSD;1.12883;1.13095;1.13192;1.13269;1.13456;1.13587;1.13755;1.13532;1.12812;15;31;29;1.13759;1.1379;1.13875;1.13239;1.13428;1.13567;1.13736;1.13809;1.13656;1.13887;1.12775;18;32;21;1.13733;1.13699;1.13658;
2015.02.20 15:17:42;EURUSD;1.12907;1.13098;1.13194;1.1327;1.13457;1.13587;1.13755;1.13532;1.12812;16;31;30;1.13759;1.1379;1.13875;1.13242;1.1343;1.13568;1.13736;1.1381;1.13656;1.13887;1.12775;19;32;22;1.13733;1.13699;1.13658;
2015.02.20 15:18:12;EURUSD;1.12922;1.13101;1.13195;1.13271;1.13457;1.13587;1.13755;1.13532;1.12812;18;32;30;1.13759;1.1379;1.13875;1.13245;1.13431;1.13569;1.13737;1.1381;1.13656;1.13887;1.12775;19;32;22;1.13733;1.13699;1.13658;
2015.02.20 15:18:42;EURUSD;1.12895;1.13097;1.13193;1.1327;1.13457;1.13587;1.13755;1.13532;1.12812;16;31;30;1.13759;1.1379;1.13875;1.13241;1.13429;1.13568;1.13736;1.13809;1.13656;1.13887;1.12775;18;32;22;1.13733;1.13699;1.13658;
2015.02.20 15:19:02;EURUSD;1.12901;1.13098;1.13193;1.1327;1.13457;1.13587;1.13755;1.13532;1.12812;16;31;30;1.13759;1.1379;1.13875;1.13242;1.13429;1.13568;1.13736;1.1381;1.13656;1.13887;1.12775;18;32;22;1.13733;1.13699;1.13658;
2015.02.20 15:19:25;EURUSD;1.12896;1.13097;1.13193;1.1327;1.13457;1.13587;1.13755;1.13532;1.12812;16;31;30;1.13759;1.1379;1.13875;1.13241;1.13429;1.13568;1.13736;1.13809;1.13656;1.13887;1.12775;18;32;22;1.13733;1.13699;1.13658;
2015.02.20 15:20:10;EURUSD;1.12854;1.13091;1.1319;1.13268;1.13456;1.13586;1.13755;1.13532;1.12812;13;31;28;1.13759;1.1379;1.13875;1.13235;1.13426;1.13566;1.13735;1.13809;1.13656;1.13887;1.12775;16;31;21;1.13733;1.13699;1.13658;
2015.02.20 15:20:42;EURUSD;1.12819;1.13086;1.13187;1.13267;1.13455;1.13586;1.13755;1.13532;1.12806;11;30;27;1.13758;1.13789;1.13875;1.1323;1.13423;1.13565;1.13735;1.13809;1.13656;1.13887;1.12769;15;31;20;1.13733;1.13699;1.13658;
2015.02.20 15:21:13;EURUSD;1.12832;1.13088;1.13188;1.13267;1.13456;1.13586;1.13755;1.13532;1.12806;12;30;28;1.13758;1.13789;1.13875;1.13232;1.13424;1.13565;1.13735;1.13809;1.13656;1.13887;1.12769;16;31;21;1.13733;1.13699;1.13658;
2015.02.20 15:21:42;EURUSD;1.12847;1.1309;1.13189;1.13268;1.13456;1.13586;1.13755;1.13532;1.12806;13;31;28;1.13758;1.1379;1.13875;1.13234;1.13425;1.13566;1.13735;1.13809;1.13656;1.13887;1.12769;17;31;21;1.13733;1.13699;1.13658;
2015.02.20 15:22:13;EURUSD;1.12849;1.1309;1.13189;1.13268;1.13456;1.13586;1.13755;1.13532;1.12806;14;31;28;1.13759;1.1379;1.13875;1.13234;1.13425;1.13566;1.13735;1.13809;1.13656;1.13887;1.12769;17;31;21;1.13733;1.13699;1.13658;
2015.02.20 15:22:35;EURUSD;1.12813;1.13085;1.13187;1.13267;1.13455;1.13586;1.13755;1.13532;1.12798;12;30;27;1.13758;1.13789;1.13875;1.13229;1.13423;1.13565;1.13735;1.13809;1.13656;1.13887;1.12762;16;31;20;1.13733;1.13699;1.13658;
2015.02.20 15:23:13;EURUSD;1.12845;1.1309;1.13189;1.13268;1.13456;1.13586;1.13755;1.13532;1.12798;14;31;28;1.13758;1.1379;1.13875;1.13234;1.13425;1.13566;1.13735;1.13809;1.13656;1.13887;1.12762;17;31;21;1.13733;1.13699;1.13658;
2015.02.20 15:23:35;EURUSD;1.12854;1.13091;1.1319;1.13268;1.13456;1.13586;1.13755;1.13532;1.12798;15;31;28;1.13759;1.1379;1.13875;1.13235;1.13426;1.13566;1.13735;1.13809;1.13656;1.13887;1.12762;18;32;21;1.13733;1.13699;1.13658;
2015.02.20 15:24:09;EURUSD;1.12847;1.1309;1.13189;1.13268;1.13456;1.13586;1.13755;1.13532;1.12798;15;31;28;1.13759;1.1379;1.13875;1.13234;1.13425;1.13566;1.13735;1.13809;1.13656;1.13887;1.12762;17;31;21;1.13733;1.13699;1.13658;
2015.02.20 15:24:41;EURUSD;1.12878;1.13095;1.13192;1.13269;1.13456;1.13587;1.13755;1.13532;1.12798;17;31;29;1.13759;1.1379;1.13875;1.13238;1.13427;1.13567;1.13736;1.13809;1.13656;1.13887;1.12762;19;32;21;1.13733;1.13699;1.13658;
2015.02.20 15:25:10;EURUSD;1.12868;1.13093;1.13191;1.13269;1.13456;1.13587;1.13755;1.13532;1.12798;16;31;29;1.13759;1.1379;1.13875;1.13237;1.13427;1.13567;1.13736;1.13809;1.13656;1.13887;1.12762;18;32;21;1.13733;1.13699;1.13658;
2015.02.20 15:25:41;EURUSD;1.12891;1.13096;1.13193;1.1327;1.13457;1.13587;1.13755;1.13532;1.12798;18;31;29;1.13759;1.1379;1.13875;1.1324;1.13428;1.13568;1.13736;1.13809;1.13656;1.13887;1.12762;19;32;22;1.13733;1.13699;1.13658;
2015.02.20 15:26:13;EURUSD;1.12911;1.13099;1.13194;1.1327;1.13457;1.13587;1.13755;1.13532;1.12798;19;32;30;1.13759;1.1379;1.13875;1.13243;1.1343;1.13569;1.13737;1.1381;1.13656;1.13887;1.12762;20;32;22;1.13733;1.13699;1.13658;
2015.02.20 15:26:43;EURUSD;1.12878;1.13095;1.13192;1.13269;1.13456;1.13587;1.13755;1.13532;1.12798;17;31;29;1.13759;1.1379;1.13875;1.13239;1.13428;1.13567;1.13736;1.13809;1.13656;1.13887;1.12762;19;32;21;1.13733;1.13699;1.13658;
2015.02.20 15:27:12;EURUSD;1.12848;1.1309;1.13189;1.13268;1.13456;1.13586;1.13755;1.13532;1.12798;15;31;28;1.13758;1.1379;1.13875;1.13234;1.13425;1.13566;1.13735;1.13809;1.13656;1.13887;1.12762;17;31;21;1.13733;1.13699;1.13658;
2015.02.20 15:27:43;EURUSD;1.12886;1.13096;1.13192;1.1327;1.13457;1.13587;1.13755;1.13532;1.12798;17;31;29;1.13759;1.1379;1.13875;1.1324;1.13428;1.13568;1.13736;1.13809;1.13656;1.13887;1.12762;19;32;21;1.13733;1.13699;1.13658;
2015.02.20 15:28:13;EURUSD;1.12873;1.13094;1.13191;1.13269;1.13456;1.13587;1.13755;1.13532;1.12798;16;31;29;1.13759;1.1379;1.13875;1.13238;1.13427;1.13567;1.13736;1.13809;1.13656;1.13887;1.12762;18;32;21;1.13733;1.13699;1.13658;
2015.02.20 15:28:43;EURUSD;1.12887;1.13096;1.13192;1.1327;1.13457;1.13587;1.13755;1.13532;1.12798;17;31;29;1.13759;1.1379;1.13875;1.1324;1.13428;1.13568;1.13736;1.13809;1.13656;1.13887;1.12762;19;32;21;1.13733;1.13699;1.13658;
2015.02.20 15:29:03;EURUSD;1.12888;1.13096;1.13192;1.1327;1.13457;1.13587;1.13755;1.13532;1.12798;17;31;29;1.13759;1.1379;1.13875;1.1324;1.13428;1.13568;1.13736;1.13809;1.13656;1.13887;1.12762;19;32;21;1.13733;1.13699;1.13658;
2015.02.20 15:29:39;EURUSD;1.12889;1.13096;1.13193;1.1327;1.13457;1.13587;1.13755;1.13532;1.12798;17;31;29;1.13759;1.1379;1.13875;1.1324;1.13428;1.13568;1.13736;1.13809;1.13656;1.13887;1.12762;19;32;22;1.13733;1.13699;1.13658;
2015.02.20 15:30:12;EURUSD;1.12894;1.13053;1.13153;1.13249;1.13443;1.13577;1.1375;1.13546;1.12773;13;27;29;1.13755;1.13788;1.13873;1.13241;1.13429;1.13568;1.13736;1.13809;1.13656;1.13887;1.12762;19;32;22;1.13733;1.13699;1.13658;
2015.02.20 15:30:43;EURUSD;1.12894;1.13053;1.13153;1.13249;1.13443;1.13577;1.1375;1.13546;1.12773;13;27;29;1.13755;1.13788;1.13873;1.13241;1.13429;1.13568;1.13736;1.13809;1.13656;1.13887;1.12762;19;32;22;1.13733;1.13699;1.13658;
2015.02.20 15:31:13;EURUSD;1.12885;1.13052;1.13152;1.13249;1.13443;1.13577;1.1375;1.13546;1.12773;12;27;29;1.13755;1.13788;1.13873;1.13239;1.13428;1.13568;1.13736;1.13809;1.13656;1.13887;1.12762;19;32;21;1.13733;1.13699;1.13658;
2015.02.20 15:31:43;EURUSD;1.12883;1.13051;1.13152;1.13249;1.13443;1.13577;1.1375;1.13546;1.12768;12;27;29;1.13755;1.13788;1.13873;1.13239;1.13428;1.13567;1.13736;1.13809;1.13656;1.13887;1.12762;19;32;21;1.13733;1.13699;1.13658;
2015.02.20 15:32:13;EURUSD;1.12864;1.13048;1.13151;1.13248;1.13443;1.13576;1.1375;1.13546;1.12765;11;27;29;1.13755;1.13788;1.13873;1.13236;1.13426;1.13567;1.13736;1.13809;1.13656;1.13887;1.12762;18;32;21;1.13733;1.13699;1.13658;
2015.02.20 15:32:42;EURUSD;1.12869;1.13049;1.13151;1.13248;1.13443;1.13576;1.1375;1.13546;1.12765;11;27;29;1.13755;1.13788;1.13873;1.13237;1.13427;1.13567;1.13736;1.13809;1.13656;1.13887;1.12762;18;32;21;1.13733;1.13699;1.13658;
2015.02.20 15:33:13;EURUSD;1.12907;1.13055;1.13154;1.1325;1.13444;1.13577;1.1375;1.13544;1.12765;14;28;30;1.13755;1.13788;1.13873;1.13243;1.1343;1.13568;1.13736;1.1381;1.13656;1.13887;1.12762;20;32;22;1.13733;1.13699;1.13658;
2015.02.20 15:33:43;EURUSD;1.12891;1.13052;1.13153;1.13249;1.13443;1.13577;1.1375;1.13543;1.12765;13;27;29;1.13755;1.13788;1.13873;1.1324;1.13428;1.13568;1.13736;1.13809;1.13656;1.13887;1.12762;19;32;22;1.13733;1.13699;1.13658;
2015.02.20 15:34:13;EURUSD;1.12899;1.13053;1.13153;1.13249;1.13443;1.13577;1.1375;1.13543;1.12765;13;27;30;1.13755;1.13788;1.13873;1.13241;1.13429;1.13568;1.13736;1.1381;1.13656;1.13887;1.12762;19;32;22;1.13733;1.13699;1.13658;
2015.02.20 15:34:43;EURUSD;1.12902;1.13054;1.13154;1.1325;1.13444;1.13577;1.1375;1.13542;1.12765;13;27;30;1.13755;1.13788;1.13873;1.13242;1.13429;1.13568;1.13736;1.1381;1.13656;1.13887;1.12762;20;32;22;1.13733;1.13699;1.13658;
2015.02.20 15:35:13;EURUSD;1.12916;1.13056;1.13155;1.1325;1.13444;1.13577;1.1375;1.13542;1.12765;14;28;31;1.13755;1.13788;1.13873;1.13244;1.1343;1.13569;1.13737;1.1381;1.13656;1.13887;1.12762;20;32;22;1.13733;1.13699;1.13658;
2015.02.20 15:35:50;EURUSD;1.1289;1.13052;1.13153;1.13249;1.13443;1.13577;1.1375;1.13541;1.12765;13;27;29;1.13755;1.13788;1.13873;1.13244;1.1343;1.13569;1.13737;1.1381;1.13656;1.13887;1.12762;20;32;22;1.13733;1.13699;1.13658;
2015.02.20 15:36:21;EURUSD;1.12919;1.13056;1.13155;1.1325;1.13444;1.13577;1.1375;1.13537;1.12765;14;28;31;1.13755;1.13788;1.13873;1.13244;1.13431;1.13569;1.13737;1.1381;1.13656;1.13887;1.12762;20;32;22;1.13733;1.13699;1.13658;
2015.02.20 15:37:13;EURUSD;1.12896;1.13053;1.13153;1.13249;1.13443;1.13577;1.1375;1.13537;1.12765;13;27;30;1.13755;1.13788;1.13873;1.13242;1.13429;1.13568;1.13736;1.1381;1.13656;1.13887;1.12762;20;32;22;1.13733;1.13699;1.13658;
2015.02.20 15:37:41;EURUSD;1.12973;1.13064;1.13159;1.13252;1.13445;1.13577;1.1375;1.13527;1.12765;18;28;35;1.13756;1.13788;1.13873;1.13252;1.13435;1.13571;1.13738;1.1381;1.13657;1.13887;1.12762;23;33;23;1.13733;1.13699;1.13658;
2015.02.20 15:38:13;EURUSD;1.13093;1.13081;1.13168;1.13257;1.13447;1.13579;1.13751;1.13499;1.12765;25;30;42;1.13756;1.13789;1.13874;1.13269;1.13444;1.13576;1.1374;1.13811;1.13657;1.13887;1.12762;28;34;26;1.13734;1.13699;1.13658;
2015.02.20 15:38:43;EURUSD;1.13111;1.13084;1.1317;1.13258;1.13448;1.13579;1.13751;1.13499;1.12765;26;30;43;1.13757;1.13789;1.13874;1.13272;1.13445;1.13576;1.1374;1.13812;1.13657;1.13887;1.12762;29;34;26;1.13734;1.13699;1.13659;
2015.02.20 15:39:13;EURUSD;1.13085;1.1308;1.13168;1.13257;1.13447;1.13579;1.13751;1.13499;1.12765;25;30;41;1.13756;1.13789;1.13874;1.13269;1.13444;1.13575;1.1374;1.13811;1.13657;1.13887;1.12762;28;34;26;1.13734;1.13699;1.13658;
2015.02.20 15:39:43;EURUSD;1.13066;1.13078;1.13166;1.13256;1.13447;1.13578;1.13751;1.13499;1.12765;23;29;40;1.13756;1.13789;1.13874;1.13265;1.13442;1.13575;1.1374;1.13811;1.13657;1.13887;1.12762;27;33;25;1.13734;1.13699;1.13658;
2015.02.20 15:40:13;EURUSD;1.13014;1.1307;1.13162;1.13254;1.13446;1.13578;1.1375;1.13499;1.12765;20;29;37;1.13756;1.13789;1.13874;1.13258;1.13438;1.13572;1.13739;1.13811;1.13657;1.13887;1.12762;25;33;24;1.13734;1.13699;1.13658;
2015.02.20 15:40:41;EURUSD;1.12986;1.13066;1.1316;1.13253;1.13445;1.13578;1.1375;1.13499;1.12765;19;28;36;1.13756;1.13788;1.13874;1.13254;1.13436;1.13571;1.13738;1.1381;1.13657;1.13887;1.12762;23;33;23;1.13733;1.13699;1.13658;
2015.02.20 15:41:09;EURUSD;1.12989;1.13066;1.1316;1.13253;1.13445;1.13578;1.1375;1.13499;1.12765;19;29;36;1.13756;1.13788;1.13874;1.13254;1.13436;1.13571;1.13738;1.1381;1.13657;1.13887;1.12762;24;33;23;1.13733;1.13699;1.13658;
2015.02.20 15:41:43;EURUSD;1.13006;1.13069;1.13162;1.13254;1.13446;1.13578;1.1375;1.13499;1.12765;20;29;37;1.13756;1.13789;1.13874;1.13257;1.13437;1.13572;1.13738;1.13811;1.13657;1.13887;1.12762;24;33;24;1.13734;1.13699;1.13658;
2015.02.20 15:42:13;EURUSD;1.13005;1.13069;1.13161;1.13253;1.13445;1.13578;1.1375;1.13499;1.12765;20;29;37;1.13756;1.13789;1.13874;1.13257;1.13437;1.13572;1.13738;1.13811;1.13657;1.13887;1.12762;24;33;24;1.13734;1.13699;1.13658;
2015.02.20 15:42:43;EURUSD;1.13007;1.13069;1.13162;1.13254;1.13446;1.13578;1.1375;1.13499;1.12765;20;29;37;1.13756;1.13789;1.13874;1.13257;1.13437;1.13572;1.13738;1.13811;1.13657;1.13887;1.12762;24;33;24;1.13734;1.13699;1.13658;
2015.02.20 15:43:13;EURUSD;1.13029;1.13072;1.13163;1.13254;1.13446;1.13578;1.13751;1.13499;1.12765;21;29;38;1.13756;1.13789;1.13874;1.1326;1.13439;1.13573;1.13739;1.13811;1.13657;1.13887;1.12762;25;33;24;1.13734;1.13699;1.13658;
2015.02.20 15:43:43;EURUSD;1.13015;1.1307;1.13162;1.13254;1.13446;1.13578;1.1375;1.13499;1.12765;20;29;37;1.13756;1.13789;1.13874;1.13258;1.13438;1.13573;1.13739;1.13811;1.13657;1.13887;1.12762;25;33;24;1.13734;1.13699;1.13658;
2015.02.20 15:43:55;EURUSD;1.13026;1.13072;1.13163;1.13254;1.13446;1.13578;1.13751;1.13499;1.12765;21;29;38;1.13756;1.13789;1.13874;1.1326;1.13439;1.13573;1.13739;1.13811;1.13657;1.13887;1.12762;25;33;24;1.13734;1.13699;1.13658;
2015.02.20 15:43:55;EURUSD;1.13026;1.13072;1.13163;1.13254;1.13446;1.13578;1.13751;1.13499;1.12765;21;29;38;1.13756;1.13789;1.13874;1.1326;1.13439;1.13573;1.13739;1.13811;1.13657;1.13887;1.12762;25;33;24;1.13734;1.13699;1.13658;
2015.02.20 15:45:07;EURUSD;1.13019;1.1304;1.1314;1.13237;1.13434;1.13569;1.13746;1.13482;1.12768;31;27;38;1.13754;1.13787;1.13872;1.13259;1.13438;1.13573;1.13739;1.13811;1.13657;1.13887;1.12762;25;33;24;1.13734;1.13699;1.13658;
2015.02.20 15:45:43;EURUSD;1.12999;1.13037;1.13139;1.13236;1.13434;1.13569;1.13746;1.13482;1.12758;30;27;37;1.13754;1.13787;1.13872;1.13256;1.13437;1.13572;1.13738;1.1381;1.13657;1.13887;1.12762;24;33;24;1.13734;1.13699;1.13658;
2015.02.20 15:46:13;EURUSD;1.13014;1.13039;1.1314;1.13236;1.13434;1.13569;1.13746;1.13482;1.12758;30;27;37;1.13754;1.13787;1.13872;1.13258;1.13438;1.13572;1.13739;1.13811;1.13657;1.13887;1.12762;25;33;24;1.13734;1.13699;1.13658;
2015.02.20 15:46:43;EURUSD;1.13015;1.13039;1.1314;1.13236;1.13434;1.13569;1.13746;1.13482;1.12758;31;27;37;1.13754;1.13787;1.13872;1.13258;1.13438;1.13572;1.13739;1.13811;1.13657;1.13887;1.12762;25;33;24;1.13734;1.13699;1.13658;
2015.02.20 15:47:13;EURUSD;1.13012;1.13039;1.1314;1.13236;1.13434;1.13569;1.13746;1.13482;1.12758;30;27;37;1.13754;1.13787;1.13872;1.13258;1.13438;1.13572;1.13739;1.13811;1.13657;1.13887;1.12762;25;33;24;1.13734;1.13699;1.13658;
2015.02.20 15:47:43;EURUSD;1.1304;1.13043;1.13142;1.13237;1.13434;1.13569;1.13746;1.13477;1.12758;32;27;39;1.13754;1.13788;1.13872;1.13262;1.1344;1.13574;1.13739;1.13811;1.13657;1.13887;1.12762;26;33;25;1.13734;1.13699;1.13658;
2015.02.20 15:48:29;EURUSD;1.13058;1.1304;1.13141;1.13237;1.13434;1.13569;1.13746;1.13473;1.12758;30;26;40;1.13754;1.13787;1.13872;1.13264;1.13441;1.13574;1.13739;1.13811;1.13657;1.13887;1.12762;27;33;25;1.13734;1.13699;1.13658;
2015.02.20 15:48:36;EURUSD;1.13061;1.1304;1.13141;1.13237;1.13434;1.13569;1.13746;1.13473;1.12758;30;26;40;1.13754;1.13787;1.13872;1.13264;1.13441;1.13574;1.13739;1.13811;1.13657;1.13887;1.12762;27;33;25;1.13734;1.13699;1.13658;
2015.02.20 15:49:38;EURUSD;1.13063;1.13041;1.13141;1.13237;1.13434;1.13569;1.13746;1.13473;1.12758;30;26;40;1.13754;1.13787;1.13872;1.13265;1.13442;1.13574;1.1374;1.13811;1.13657;1.13887;1.12762;27;33;25;1.13734;1.13699;1.13658;
2015.02.20 15:50:03;EURUSD;1.13063;1.13041;1.13141;1.13237;1.13434;1.13569;1.13746;1.13473;1.12758;30;26;40;1.13754;1.13787;1.13872;1.13265;1.13442;1.13574;1.1374;1.13811;1.13657;1.13887;1.12762;27;33;25;1.13734;1.13699;1.13658;
2015.02.20 15:50:05;EURUSD;1.13057;1.1304;1.1314;1.13237;1.13434;1.13569;1.13746;1.13473;1.12758;30;26;40;1.13754;1.13787;1.13872;1.13264;1.13441;1.13574;1.13739;1.13811;1.13657;1.13887;1.12762;27;33;25;1.13734;1.13699;1.13658;
2015.02.20 15:50:05;EURUSD;1.13057;1.1304;1.1314;1.13237;1.13434;1.13569;1.13746;1.13473;1.12758;30;26;40;1.13754;1.13787;1.13872;1.13264;1.13441;1.13574;1.13739;1.13811;1.13657;1.13887;1.12762;27;33;25;1.13734;1.13699;1.13658;
2015.02.20 19:53:10;EURUSD;1.14018;1.13718;1.13548;1.13305;1.13364;1.13518;1.13721;1.14279;1.12805;63;79;71;1.13735;1.13787;1.13855;1.13395;1.13421;1.13547;1.13725;1.13789;1.13663;1.14125;1.12648;89;54;63;1.13743;1.13707;1.13643;
2015.02.20 19:53:40;EURUSD;1.13996;1.13715;1.13546;1.13304;1.13364;1.13517;1.13721;1.14279;1.12805;62;79;71;1.13734;1.13786;1.13855;1.13392;1.13419;1.13546;1.13725;1.13789;1.13663;1.14125;1.12648;89;54;62;1.13743;1.13707;1.13643;
2015.02.20 19:54:10;EURUSD;1.13981;1.13713;1.13545;1.13304;1.13364;1.13517;1.13721;1.14279;1.12805;61;79;70;1.13734;1.13786;1.13855;1.1339;1.13418;1.13546;1.13724;1.13789;1.13663;1.14125;1.12648;88;54;62;1.13743;1.13707;1.13643;
2015.02.20 19:54:40;EURUSD;1.1397;1.13711;1.13544;1.13303;1.13364;1.13517;1.1372;1.14279;1.12805;61;79;70;1.13734;1.13786;1.13855;1.13389;1.13417;1.13545;1.13724;1.13789;1.13663;1.14125;1.12648;88;54;62;1.13743;1.13707;1.13643;
2015.02.20 19:55:10;EURUSD;1.1402;1.13718;1.13548;1.13305;1.13364;1.13518;1.13721;1.14279;1.12805;63;79;71;1.13735;1.13787;1.13855;1.13396;1.13421;1.13547;1.13725;1.13789;1.13663;1.14125;1.12648;89;54;63;1.13743;1.13707;1.13643;
2015.02.20 19:55:40;EURUSD;1.13967;1.13711;1.13544;1.13303;1.13363;1.13517;1.1372;1.14279;1.12805;61;79;70;1.13734;1.13786;1.13855;1.13388;1.13417;1.13545;1.13724;1.13789;1.13663;1.14125;1.12648;88;54;62;1.13743;1.13707;1.13643;
2015.02.20 19:56:10;EURUSD;1.13985;1.13714;1.13545;1.13304;1.13364;1.13517;1.13721;1.14279;1.12805;61;79;70;1.13734;1.13786;1.13855;1.13391;1.13418;1.13546;1.13724;1.13789;1.13663;1.14125;1.12648;88;54;62;1.13743;1.13707;1.13643;
2015.02.20 19:56:40;EURUSD;1.13982;1.13713;1.13545;1.13304;1.13364;1.13517;1.13721;1.14279;1.12805;61;79;70;1.13734;1.13786;1.13855;1.1339;1.13418;1.13546;1.13724;1.13789;1.13663;1.14125;1.12648;88;54;62;1.13743;1.13707;1.13643;
2015.02.20 19:57:10;EURUSD;1.13936;1.13706;1.13542;1.13302;1.13363;1.13517;1.1372;1.14279;1.12805;59;78;69;1.13734;1.13786;1.13855;1.13384;1.13414;1.13544;1.13724;1.13788;1.13663;1.14125;1.12648;87;53;61;1.13742;1.13707;1.13643;
2015.02.20 19:57:40;EURUSD;1.1395;1.13709;1.13543;1.13303;1.13363;1.13517;1.1372;1.14279;1.12805;60;79;70;1.13734;1.13786;1.13855;1.13386;1.13415;1.13545;1.13724;1.13788;1.13663;1.14125;1.12648;87;53;61;1.13743;1.13707;1.13643;
2015.02.20 19:58:10;EURUSD;1.13935;1.13706;1.13541;1.13302;1.13363;1.13517;1.1372;1.14279;1.12805;59;78;69;1.13734;1.13786;1.13855;1.13383;1.13414;1.13544;1.13723;1.13788;1.13663;1.14125;1.12648;87;53;61;1.13742;1.13707;1.13643;
2015.02.20 19:58:40;EURUSD;1.13976;1.13712;1.13545;1.13304;1.13364;1.13517;1.1372;1.14279;1.12805;61;79;70;1.13734;1.13786;1.13855;1.13389;1.13417;1.13546;1.13724;1.13789;1.13663;1.14125;1.12648;88;54;62;1.13743;1.13707;1.13643;
2015.02.20 19:59:10;EURUSD;1.13904;1.13702;1.13539;1.13301;1.13362;1.13517;1.1372;1.14279;1.12805;58;78;68;1.13734;1.13786;1.13855;1.13379;1.13412;1.13543;1.13723;1.13788;1.13663;1.14125;1.12648;86;53;60;1.13742;1.13707;1.13643;
2015.02.20 19:59:40;EURUSD;1.13892;1.137;1.13538;1.133;1.13362;1.13516;1.1372;1.14279;1.12805;57;78;68;1.13734;1.13786;1.13855;1.13377;1.13411;1.13542;1.13723;1.13788;1.13663;1.14125;1.12648;85;53;60;1.13742;1.13707;1.13642;
2015.02.20 20:00:10;EURUSD;1.13925;1.13754;1.13617;1.13328;1.13368;1.13517;1.13721;1.14246;1.12909;53;71;69;1.13734;1.13788;1.13855;1.13483;1.13435;1.13544;1.1373;1.13786;1.13665;1.14183;1.12586;80;63;61;1.13747;1.1371;1.13639;
2015.02.20 20:00:40;EURUSD;1.14012;1.13767;1.13624;1.13331;1.1337;1.13518;1.13722;1.14263;1.12911;57;72;71;1.13734;1.13788;1.13855;1.13496;1.13442;1.13547;1.13732;1.13787;1.13666;1.14204;1.12589;82;64;63;1.13747;1.1371;1.13639;
2015.02.20 20:01:10;EURUSD;1.14003;1.13766;1.13623;1.13331;1.1337;1.13518;1.13722;1.14269;1.12911;56;72;71;1.13734;1.13788;1.13855;1.13495;1.13441;1.13547;1.13732;1.13787;1.13666;1.14211;1.12589;82;64;63;1.13747;1.1371;1.13639;
2015.02.20 20:01:40;EURUSD;1.14062;1.13774;1.13628;1.13333;1.13371;1.13519;1.13722;1.14278;1.12911;59;72;72;1.13735;1.13788;1.13855;1.13503;1.13445;1.13549;1.13733;1.13787;1.13666;1.14221;1.12589;84;64;64;1.13747;1.1371;1.13639;
2015.02.20 20:02:10;EURUSD;1.14008;1.13766;1.13623;1.13331;1.1337;1.13518;1.13722;1.14278;1.12911;57;72;71;1.13734;1.13788;1.13855;1.13495;1.13441;1.13547;1.13732;1.13787;1.13666;1.14221;1.12589;82;64;63;1.13747;1.1371;1.13639;
2015.02.20 20:02:40;EURUSD;1.1401;1.13766;1.13624;1.13331;1.1337;1.13518;1.13722;1.14278;1.12911;57;72;71;1.13734;1.13788;1.13855;1.13496;1.13441;1.13547;1.13732;1.13787;1.13666;1.14221;1.12589;82;64;63;1.13747;1.1371;1.13639;
2015.02.20 20:03:10;EURUSD;1.1397;1.13761;1.1362;1.1333;1.13369;1.13518;1.13721;1.14278;1.12911;55;72;70;1.13734;1.13788;1.13855;1.1349;1.13438;1.13546;1.13731;1.13786;1.13665;1.14221;1.12589;81;64;62;1.13747;1.1371;1.13639;
2015.02.20 20:03:40;EURUSD;1.14026;1.13769;1.13625;1.13332;1.1337;1.13518;1.13722;1.14278;1.12911;57;72;71;1.13734;1.13788;1.13855;1.13498;1.13443;1.13548;1.13732;1.13787;1.13666;1.14221;1.12589;83;64;63;1.13747;1.1371;1.13639;
2015.02.20 20:04:10;EURUSD;1.14029;1.13769;1.13625;1.13332;1.1337;1.13518;1.13722;1.14278;1.12911;57;72;71;1.13734;1.13788;1.13855;1.13498;1.13443;1.13548;1.13732;1.13787;1.13666;1.14221;1.12589;83;64;63;1.13747;1.1371;1.13639;
2015.02.20 20:04:40;EURUSD;1.1405;1.13772;1.13627;1.13333;1.13371;1.13519;1.13722;1.14278;1.12911;58;72;72;1.13734;1.13788;1.13855;1.13501;1.13444;1.13549;1.13733;1.13787;1.13666;1.14221;1.12589;83;64;64;1.13747;1.1371;1.13639;
2015.02.20 20:05:55;EURUSD;1.14086;1.13777;1.13629;1.13334;1.13372;1.13519;1.13722;1.1428;1.12911;60;73;73;1.13735;1.13788;1.13855;1.13503;1.13445;1.13549;1.13733;1.13787;1.13666;1.14221;1.12589;84;64;64;1.13747;1.1371;1.13639;32
2015.02.20 20:06:25;EURUSD;1.14101;1.13779;1.13631;1.13335;1.13372;1.13519;1.13722;1.14292;1.12911;60;73;73;1.13735;1.13788;1.13855;1.13509;1.13448;1.13551;1.13734;1.13788;1.13666;1.14238;1.12589;85;64;65;1.13748;1.1371;1.13639;59
2015.02.20 20:06:55;EURUSD;1.14132;1.13784;1.13633;1.13336;1.13372;1.13519;1.13722;1.14294;1.12911;62;73;73;1.13735;1.13788;1.13855;1.13513;1.13451;1.13552;1.13734;1.13788;1.13666;1.1424;1.12589;85;64;65;1.13748;1.1371;1.13639;60
2015.02.20 20:07:25;EURUSD;1.14121;1.13782;1.13632;1.13336;1.13372;1.13519;1.13722;1.14294;1.12911;61;73;73;1.13735;1.13788;1.13855;1.13512;1.1345;1.13551;1.13734;1.13788;1.13666;1.1424;1.12589;85;64;65;1.13748;1.1371;1.13639;59
2015.02.20 20:07:55;EURUSD;1.14118;1.13782;1.13632;1.13336;1.13372;1.13519;1.13722;1.14297;1.12911;61;73;73;1.13735;1.13788;1.13855;1.13511;1.1345;1.13551;1.13734;1.13788;1.13666;1.14243;1.12589;85;64;65;1.13748;1.1371;1.13639;59
2015.02.20 20:08:25;EURUSD;1.14103;1.1378;1.13631;1.13335;1.13372;1.13519;1.13722;1.14297;1.12911;60;73;73;1.13735;1.13788;1.13855;1.13509;1.13448;1.13551;1.13734;1.13788;1.13666;1.14243;1.12589;85;64;65;1.13748;1.1371;1.13639;59
2015.02.20 20:08:55;EURUSD;1.14074;1.13776;1.13629;1.13334;1.13371;1.13519;1.13722;1.14297;1.12911;59;73;72;1.13735;1.13788;1.13855;1.13505;1.13446;1.1355;1.13733;1.13787;1.13666;1.14243;1.12589;84;64;64;1.13747;1.1371;1.13639;58
2015.02.20 20:09:25;EURUSD;1.14076;1.13776;1.13629;1.13334;1.13371;1.13519;1.13722;1.14297;1.12911;59;73;72;1.13735;1.13788;1.13855;1.13505;1.13446;1.1355;1.13733;1.13787;1.13666;1.14243;1.12589;84;64;64;1.13747;1.1371;1.13639;58
2015.02.20 20:09:55;EURUSD;1.14103;1.1378;1.13631;1.13335;1.13372;1.13519;1.13722;1.14297;1.12911;61;73;73;1.13735;1.13788;1.13855;1.13509;1.13448;1.13551;1.13734;1.13788;1.13666;1.14243;1.12589;85;64;65;1.13748;1.1371;1.13639;59
2015.02.20 20:10:51;EURUSD;1.14084;1.13777;1.13629;1.13334;1.13371;1.13519;1.13722;1.14297;1.12911;60;73;73;1.13735;1.13788;1.13855;1.13502;1.13445;1.13549;1.13733;1.13787;1.13666;1.14243;1.12589;83;64;64;1.13747;1.1371;1.13639;58
2015.02.20 20:11:21;EURUSD;1.14065;1.13774;1.13628;1.13333;1.13371;1.13519;1.13722;1.14297;1.12911;59;73;72;1.13735;1.13788;1.13855;1.13504;1.13446;1.13549;1.13733;1.13787;1.13666;1.14243;1.12589;84;64;64;1.13747;1.1371;1.13639;58
2015.02.20 20:11:51;EURUSD;1.1404;1.13771;1.13626;1.13333;1.13371;1.13519;1.13722;1.14297;1.12911;58;72;72;1.13734;1.13788;1.13855;1.135;1.13444;1.13548;1.13732;1.13787;1.13666;1.14243;1.12589;83;64;63;1.13747;1.1371;1.13639;58
2015.02.20 20:12:21;EURUSD;1.14049;1.13772;1.13627;1.13333;1.13371;1.13519;1.13722;1.14297;1.12911;58;72;72;1.13734;1.13788;1.13855;1.13501;1.13444;1.13549;1.13733;1.13787;1.13666;1.14243;1.12589;83;64;64;1.13747;1.1371;1.13639;58
2015.02.20 20:12:51;EURUSD;1.14108;1.1378;1.13631;1.13335;1.13372;1.13519;1.13722;1.14297;1.12911;61;73;73;1.13735;1.13788;1.13855;1.1351;1.13449;1.13551;1.13734;1.13788;1.13666;1.14243;1.12589;85;64;65;1.13748;1.1371;1.13639;59
2015.02.20 20:13:21;EURUSD;1.14111;1.13781;1.13631;1.13335;1.13372;1.13519;1.13722;1.14297;1.12911;61;73;73;1.13735;1.13788;1.13855;1.1351;1.13449;1.13551;1.13734;1.13788;1.13666;1.14243;1.12589;85;64;65;1.13748;1.1371;1.13639;59
2015.02.20 20:13:51;EURUSD;1.1412;1.13782;1.13632;1.13336;1.13372;1.13519;1.13722;1.14297;1.12911;61;73;73;1.13735;1.13788;1.13855;1.13512;1.1345;1.13551;1.13734;1.13788;1.13666;1.14243;1.12589;85;64;65;1.13748;1.1371;1.13639;59
2015.02.20 20:14:21;EURUSD;1.14094;1.13778;1.1363;1.13335;1.13372;1.13519;1.13722;1.14297;1.12911;60;73;73;1.13735;1.13788;1.13855;1.13508;1.13448;1.1355;1.13733;1.13788;1.13666;1.14243;1.12589;84;64;64;1.13748;1.1371;1.13639;59
2015.02.20 20:14:51;EURUSD;1.1407;1.13775;1.13628;1.13334;1.13371;1.13519;1.13722;1.14297;1.12911;59;73;72;1.13735;1.13788;1.13855;1.13504;1.13446;1.13549;1.13733;1.13787;1.13666;1.14243;1.12589;84;64;64;1.13747;1.1371;1.13639;58
2015.02.20 20:15:21;EURUSD;1.14031;1.1383;1.13703;1.13365;1.13379;1.1352;1.13723;1.14263;1.13056;65;68;70;1.13735;1.1379;1.13855;1.13499;1.13443;1.13548;1.13732;1.13787;1.13666;1.14243;1.12589;83;64;63;1.13747;1.1371;1.13639;57
2015.02.20 20:15:51;EURUSD;1.14059;1.13834;1.13705;1.13366;1.13379;1.13521;1.13723;1.14263;1.13059;66;68;72;1.13735;1.1379;1.13855;1.13503;1.13445;1.13549;1.13733;1.13787;1.13666;1.14243;1.12589;84;64;64;1.13747;1.1371;1.13639;58
2015.02.20 20:16:21;EURUSD;1.14044;1.13832;1.13704;1.13366;1.13379;1.1352;1.13723;1.14266;1.13059;65;68;71;1.13735;1.1379;1.13855;1.135;1.13444;1.13548;1.13732;1.13787;1.13666;1.14243;1.12589;83;64;63;1.13747;1.1371;1.13639;58
2015.02.20 20:16:51;EURUSD;1.14103;1.13841;1.13709;1.13368;1.1338;1.13521;1.13724;1.14273;1.13059;67;68;73;1.13735;1.1379;1.13855;1.13509;1.13449;1.13551;1.13734;1.13788;1.13666;1.14243;1.12589;85;64;65;1.13748;1.1371;1.13639;59
2015.02.20 20:17:21;EURUSD;1.14129;1.13844;1.13711;1.13369;1.13381;1.13521;1.13724;1.1428;1.13059;69;68;73;1.13735;1.1379;1.13855;1.13513;1.1345;1.13552;1.13734;1.13788;1.13666;1.14243;1.12589;85;64;65;1.13748;1.1371;1.13639;59
2015.02.20 20:17:51;EURUSD;1.14116;1.13843;1.1371;1.13368;1.1338;1.13521;1.13724;1.1428;1.13059;68;68;73;1.13735;1.1379;1.13855;1.13511;1.1345;1.13551;1.13734;1.13788;1.13666;1.14243;1.12589;85;64;65;1.13748;1.1371;1.13639;59
2015.02.20 20:18:21;EURUSD;1.14116;1.13843;1.1371;1.13368;1.1338;1.13521;1.13724;1.1428;1.13059;68;68;73;1.13735;1.1379;1.13855;1.13511;1.1345;1.13551;1.13734;1.13788;1.13666;1.14243;1.12589;85;64;65;1.13748;1.1371;1.13639;59
2015.02.20 20:18:53;EURUSD;1.14213;1.13856;1.13717;1.13372;1.13382;1.13522;1.13724;1.14305;1.13059;72;69;75;1.13736;1.13791;1.13856;1.13512;1.1345;1.13552;1.13734;1.13788;1.13666;1.14243;1.12589;85;64;65;1.13748;1.1371;1.13639;59
2015.02.20 20:19:22;EURUSD;1.14164;1.13849;1.13713;1.1337;1.13381;1.13522;1.13724;1.14305;1.13059;70;69;74;1.13735;1.1379;1.13855;1.13518;1.13453;1.13553;1.13735;1.13788;1.13666;1.14266;1.12589;86;64;66;1.13748;1.1371;1.13639;60
2015.02.20 20:19:52;EURUSD;1.1416;1.13849;1.13713;1.1337;1.13381;1.13522;1.13724;1.14305;1.13059;70;69;74;1.13735;1.1379;1.13855;1.13517;1.13453;1.13553;1.13735;1.13788;1.13666;1.14266;1.12589;86;64;66;1.13748;1.1371;1.13639;60
2015.02.20 20:20:23;EURUSD;1.14163;1.13849;1.13713;1.1337;1.13381;1.13522;1.13724;1.14305;1.13059;70;69;74;1.13735;1.1379;1.13855;1.13517;1.13453;1.13553;1.13735;1.13788;1.13666;1.14266;1.12589;86;64;66;1.13748;1.1371;1.13639;60
2015.02.20 20:20:53;EURUSD;1.14177;1.13851;1.13714;1.13371;1.13382;1.13522;1.13724;1.14305;1.13059;71;69;74;1.13735;1.1379;1.13855;1.1352;1.13454;1.13554;1.13735;1.13788;1.13666;1.14266;1.12589;87;65;66;1.13748;1.1371;1.1364;61
2015.02.20 20:22:28;EURUSD;1.14162;1.13849;1.13713;1.1337;1.13381;1.13522;1.13724;1.14305;1.13059;70;69;74;1.13735;1.1379;1.13855;1.13519;1.13454;1.13554;1.13735;1.13788;1.13666;1.14266;1.12589;86;65;66;1.13748;1.1371;1.1364;60
2015.02.20 20:22:58;EURUSD;1.1416;1.13849;1.13713;1.1337;1.13381;1.13522;1.13724;1.14305;1.13059;70;69;74;1.13735;1.1379;1.13855;1.13517;1.13453;1.13553;1.13735;1.13788;1.13666;1.14266;1.12589;86;64;66;1.13748;1.1371;1.13639;60
2015.02.20 20:23:29;EURUSD;1.14199;1.13854;1.13716;1.13372;1.13382;1.13522;1.13724;1.14305;1.13059;71;69;75;1.13736;1.13791;1.13856;1.13523;1.13456;1.13554;1.13735;1.13789;1.13667;1.14266;1.12589;87;65;66;1.13748;1.1371;1.1364;61
2015.02.20 20:23:58;EURUSD;1.14188;1.13853;1.13715;1.13371;1.13382;1.13522;1.13724;1.14305;1.13059;71;69;75;1.13735;1.1379;1.13856;1.13521;1.13455;1.13554;1.13735;1.13789;1.13667;1.14266;1.12589;87;65;66;1.13748;1.1371;1.1364;61
2015.02.20 20:24:29;EURUSD;1.14209;1.13856;1.13717;1.13372;1.13382;1.13522;1.13724;1.14307;1.13059;72;69;75;1.13736;1.13791;1.13856;1.13524;1.13457;1.13555;1.13736;1.13789;1.13667;1.14268;1.12589;87;65;67;1.13748;1.1371;1.1364;61
